5.300000078,980.44677734375,980.2477266534329,980.9334491126244,980.2477266534329,0.1990506903171081,-0.4866717688744302,0.1990506903171081
5.40000008,980.44677734375,980.4906574641155,980.9030951187513,980.7451990656785,-0.04388012036554301,-0.4563177750012528,-0.2984217219285483
5.500000081,980.44677734375,980.7600030148377,980.9304032234857,981.309317623157,-0.31322567108770727,-0.48362587973565496,-0.8625402794069714
5.600000083,980.44677734375,980.841412636771,980.9135316219517,981.0873573851738,-0.39463529302099687,-0.46675427820173354,-0.6405800414238456
5.700000084,980.44677734375,980.8901075596223,980.8999468214464,981.0843514616636,-0.4433302158722654,-0.4531694776964059,-0.637574117913573
5.800000086,980.44677734375,980.8859322230429,980.7965340049153,980.8653072768891,-0.4391548792929143,-0.34975666116531556,-0.4185299331390979
5.9000000870000004,980.44677734375,980.7990451094436,980.7953580856334,980.2890197743334,-0.35226776569356844,-0.34858074188343835,0.15775756941661712
6.000000089,980.44677734375,980.8916544105101,980.8859514375287,981.5192549517435,-0.44487706676011385,-0.4391740937786608,-1.0724776079935054
6.10000009,980.44677734375,980.8188635636624,980.7987941488784,980.2614457876547,-0.3720862199123758,-0.3520168051284145,0.1853315560953206
6.10000009,980.44677734375,980.8966017404837,980.8967160703153,981.5581807234248,-0.4498243967336748,-0.44993872656527856,-1.1114033796748117
6.300000093,980.44677734375,980.8615809780181,980.9254184774245,980.5347507245267,-0.41480363426808253,-0.47864113367450045,-0.08797338077670247
6.400000095,980.44677734375,980.917313432018,980.9990507953664,981.481522245098,-0.470536088267977,-0.5522734516164292,-1.034744901347949
6.500000096,980.44677734375,980.9442616370045,980.9917313869237,981.2361235387306,-0.4974842932545016,-0.544954043173675,-0.7893461949805669
6.600000098,980.462646484375,980.944244507712,980.9379153174302,980.5491966902383,-0.4815980233370283,-0.4752688330552246,-0.0865502058633183
6.700000099,980.500732421875,980.9972308300668,980.952521711181,981.2304153991699,-0.49649840819176916,-0.4517892893060207,-0.7296829772949422
6.800000101,980.5186767578125,981.0305597191482,980.954145239862,980.8815425636997,-0.5118829613356866,-0.43546848204948674,-0.3628658058871679
6.800000101,980.5321044921875,980.9737563854742,980.9450815009395,980.1983823851101,-0.4416518932866893,-0.4129770087520228,0.33372210707739214
6.900000102,980.5608520507812,981.0421955026619,980.9580958400584,981.6493983429319,-0.48134345188066163,-0.3972437892771268,-1.0885462921506814
7.100000105,980.6038818359375,981.029559475185,980.9662767551669,980.3432549387388,-0.42567763924751034,-0.3623949192293594,0.2606268971986765
7.200000107,980.6640625,981.0458718438434,980.8596468911122,980.4918820828786,-0.3818093438434289,-0.19558439111222015,0.17218041712135346
7.200000107,980.7432861328125,981.089186942266,980.917410909932,981.1123909127256,-0.34590080945349655,-0.1741247771194594,-0.3691047799130729
7.300000108,980.8512573242188,981.1037981859446,980.8355746592022,980.6631597377984,-0.25254086172583357,0.015682665016583996,0.18809758642032648
7.500000111,981.0001831054688,981.1999757772895,980.8706727089897,981.5871040366059,-0.19979267182077365,0.12951039647907692,-0.5869209311371151
7.600000113,981.2034912109375,981.2395824841258,980.974029728062,981.5827668809594,-0.03609127318827632,0.2294614828755357,-0.37927567002191154
7.700000114,981.4612426757812,981.4113986426381,980.9811263647482,981.3013817660341,0.04984403314313113,0.48011631103304353,0.1598609097471808
7.700000114,981.7392578125,981.2815950149784,981.0828176613638,981.8984555298563,0.457662797521607,0.6564401511361666,-0.1591977173562782
7.900000117,982.0060424804688,981.227889942368,981.3859970135629,983.2301759070996,0.7781525381006986,0.6200454669058217,-1.2241334266308286
7.900000117,982.271484375,981.145678230573,981.4966547752301,982.7559759596048,1.1258061444269742,0.7748295997698733,-0.4844915846048252
8.10000012,982.5679321289062,981.1246025264143,981.867454004969,984.0512472361257,1.4433296024919855,0.7004781239372733,-1.4833151072194823
8.10000012,982.9115600585938,981.062412068404,982.1693288807013,983.5106308402029,1.8491479901897492,0.7422311778924495,-0.5990707816091572
8.300000123,983.2860107421875,981.0299928044544,982.4570396672943,983.9894987786563,2.256017937733077,0.8289710748931611,-0.7034880364687979
8.400000125,983.6428833007812,981.0275350693228,982.9237809252397,985.3305723172521,2.6153482314584835,0.7191023755415245,-1.687689016470813
8.500000126,983.9417114257812,981.1450709036026,983.2218049243604,984.567344027812,2.796640522178677,0.7199065014208372,-0.6256326020308052
8.600000128,984.1340942382812,981.2920428514165,983.581861611671,985.1833337540664,2.842051386864796,0.5522326266102482,-1.0492395157851888
8.700000129,984.260986328125,981.5430070366197,983.9636038121134,985.1188037704571,2.717979291505344,0.2973825160115666,-0.8578174423321343
8.700000129,984.35888671875,981.7850282957412,984.2947544706382,985.2099621151041,2.573858423008801,0.06413224811183227,-0.8510753963540765
8.900000132,984.45458984375,981.9748319225833,984.5105320353853,985.3879515545711,2.4797579211666516,-0.05594219163526759,-0.9333617108211456
9.000000134,984.534423828125,982.3208125301301,984.8401567182391,986.0522227881437,2.2136112979949303,-0.30573289011408633,-1.5177989600186947
9.000000134,984.5965576171875,982.6031093882274,984.896167829777,984.6113583515051,1.9934482289601192,-0.2996102125895277,-0.014800734317645947
9.200000137,984.635986328125,982.5072147418688,984.9977408004075,984.5263605465085,2.128771586256221,-0.36175447228254143,0.10962578161650072
9.300000138,984.650390625,982.4684402737057,985.1259452303951,985.2715430785324,2.18195035129429,-0.47555460539513206,-0.6211524535324315
9.300000138,984.6378173828125,982.4070891402677,985.1284573315992,985.3556933292911,2.230728242544842,-0.49063994878667927,-0.7178759464785571
9.500000141,984.6080932617188,982.3369469336874,985.1488023677033,984.770794388852,2.2711463280313637,-0.540709105984547,-0.16270112713323215
9.600000143,984.5518798828125,982.2412363135992,985.0127266813191,983.822576890224,2.310643569213312,-0.4608467985066227,0.7293029925884866
9.600000143,984.4573364257812,982.1287408893328,984.9421004258766,984.4125412160339,2.3285955364484607,-0.4847640000953106,0.04479520974734896
9.800000146,984.3352661132812,982.1583557972357,984.8579687735917,984.368645592256,2.1769103160455643,-0.522702660310415,-0.033379478974779886
9.900000147,984.2224731445312,982.2853180638768,984.7758344503842,984.5666083224946,1.9371550806544064,-0.5533613058529454,-0.34413517796338056
10.000000149,984.162841796875,982.5458498085623,984.4977987672701,983.2718659570039,1.6169919883127477,-0.3349569703950692,0.8909758398710892
10.10000015,984.1392211914062,982.6745388492966,984.622193916102,985.8553098398241,1.4646823421096542,-0.4829727246957418,-1.7160886484178945
10.200000151,984.0968017578125,982.8004747786861,984.5813414158596,984.1178355440838,1.2963269791264338,-0.4845396580470833,-0.02103378627134589
10.200000151,984.037841796875,982.9486957476075,984.4659712033966,984.1178409539032,1.0891460492674696,-0.42812940652163434,-0.07999915702816907
10.300000153,983.9470825195312,982.9514112134775,984.3399579834708,984.0955611300318,0.9956713060537368,-0.3928754639395038,-0.1484786105005469
10.400000154,983.8201293945312,982.9487515876576,984.2608316129912,983.9795306840564,0.8713778068736246,-0.44070221845993274,-0.15940128952513533
10.600000157,983.6860961914062,983.0571249472317,984.1818230579944,983.0324913402553,0.6289712441745223,-0.4957268665881429,0.6536048511509307
10.700000159,983.5519409179688,982.9658814330387,984.1375196952798,983.9695075888884,0.5860594849300469,-0.5855787773110706,-0.4175666709196548
10.80000016,983.4380493164062,982.7615775600356,984.0246189623834,983.2396382632949,0.6764717563706881,-0.5865696459771925,0.19841105311138563
10.900000162,983.3494262695312,982.7572597773443,983.9209988463099,983.5304071617567,0.5921664921869478,-0.5715725767786353,-0.18098089222542058
11.000000163,983.2706909179688,982.9353506797653,983.968156388255,983.7434413764558,0.3353402382034574,-0.6974654702862608,-0.4727504584870985
11.100000165,983.1973266601562,982.7881617249426,983.7720336437376,983.8940823946494,0.4091649352136528,-0.5747069835813363,-0.6967557344931947
11.200000166,983.126708984375,982.6523134981693,983.6753658050926,983.1511571576348,0.47439548620570804,-0.5486568207176106,-0.024448173259770556
11.300000168,983.0589599609375,982.4193989614884,983.5761135603225,983.1253185062022,0.6395609994491451,-0.517153599384983,-0.06635854526473395
11.400000169,983.0022583007812,982.6167142793589,983.5177197821116,983.5116233479218,0.38554402142233357,-0.5154614813303624,-0.5093650471405908
11.400000169,982.9501342773438,982.3505482736332,983.5114251657809,983.9165845207502,0.5995860037105558,-0.5612908884371564,-0.9664502434064843
11.600000172,982.9041748046875,982.095077254998,983.59761315531,983.8943712355442,0.8090975496894544,-0.6934383506225004,-0.990196430856713
11.700000174,982.8726196289062,982.428558795401,983.4646482686907,982.6398587226957,0.44406083350520476,-0.5920286397844166,0.23276090621050116
11.800000175,982.8546142578125,982.7860062638333,983.4157582794869,982.750738371259,0.06860799397918527,-0.5611440216744086,0.1038758865535101
11.900000177,982.8440551757812,983.010035918834,983.345826137124,982.8310857381277,-0.16598074305272803,-0.5017709613427996,0.012969437653509885
11.900000177,982.841796875,983.0279861273946,983.369231428101,983.9774942862247,-0.18618925239456985,-0.5274345531009885,-1.135697411224669
12.10000018,982.8486328125,983.3368878516824,983.2628889818974,982.8306579326136,-0.488255039182377,-0.4142561693973903,0.017974879886423878
12.200000181,982.8607788085938,983.6534553354325,983.212713831708,982.6494056557401,-0.7926765268387044,-0.3519350231142653,0.2113731528536391
12.200000181,982.8770751953125,983.8255765624099,983.1550543327506,982.5487235166293,-0.9485013670973785,-0.2779791374381375,0.3283516786832479
12.400000184,982.8971557617188,983.7335729427891,983.0639170275512,982.6002502959248,-0.8364171810703738,-0.16676126583240602,0.2969054657939978
12.500000186,982.9205322265625,984.0305575281767,983.0364128548301,983.6415427935416,-1.1100253016142005,-0.11588062826763235,-0.7210105669790892
12.600000187,982.9467163085938,984.4983560530528,982.97862355657,983.3164782529434,-1.5516397444590666,-0.031907247976278086,-0.3697619443496478
12.700000189,982.9747314453125,984.250233093688,983.2177021272752,985.0306444297481,-1.2755016483755526,-0.24297068196267446,-2.055912984435622
12.700000189,983.001953125,984.6382377979651,983.3153390570342,983.7271076688485,-1.6362846729650755,-0.31338593203417986,-0.7251545438484754
12.900000192,983.0271606445312,984.9451200834964,983.258611949603,982.263814663817,-1.917959438965113,-0.23145130507180056,0.7633459807142344
12.900000192,983.0491943359375,984.5554451648424,983.1974304734118,983.365679524312,-1.5062508289048537,-0.14823613747432773,-0.3164851883744859
13.100000195,983.067138671875,984.929808416835,983.3220837959736,984.0771911582304,-1.8626697449600442,-0.25494512409864,-1.0100524863554483
13.200000196,983.0831298828125,984.7135745570246,983.412566322887,983.5542309248742,-1.6304446742120717,-0.3294364400744598,-0.47110104206171854
13.200000196,983.0989379882812,984.2709033177383,983.5126207238187,983.5492675259458,-1.1719653294570662,-0.4136827355374635,-0.45032953766451556
13.400000199,983.1156616210938,983.8710722813674,983.6610752723943,984.0847957816819,-0.7554106602736965,-0.5454136513005778,-0.9691341605881689
13.400000199,983.1328125,983.7351529857267,983.6908374221346,983.9391642909455,-0.6023404857266996,-0.5580249221345639,-0.8063517909455413
13.500000201,983.1514892578125,983.6224162328494,983.7924672111903,984.3327761435007,-0.4709269750369458,-0.6409779533778419,-1.1812868856882233
13.700000204,983.163818359375,983.2124399529866,983.72897228336,984.3956951514456,-0.04862159361164231,-0.5651539239850081,-1.2318767920705795
13.700000204,983.1689453125,982.8278270051618,983.8127867296714,984.565252131963,0.34111830733820625,-0.6438414171714157,-1.3963068194630068
13.900000207,983.16748046875,982.4172444520981,983.9219235508435,983.3551828755349,0.7502360166519111,-0.7544430820935304,-0.18770240678486516
13.900000207,983.1605224609375,982.0728125565909,983.9431132062722,983.5775760785992,1.0877099043466387,-0.7825907453346872,-0.4170536176617361
14.10000021,983.1495361328125,981.7193230933515,983.8381712640876,983.0277717363842,1.430213039461023,-0.6886351312750776,0.12176439642826153
14.200000211,983.1345825195312,981.6447483752016,983.8497547306212,983.6700655902087,1.4898341443296204,-0.7151722110899073,-0.535483070677401
14.200000211,983.1163330078125,981.5664289288306,983.8458311460747,983.5100316804825,1.5499040789818537,-0.7294981382622154,-0.39369867266998426
14.400000214,983.0939331054688,981.2333212599266,983.760821300556,983.234697326495,1.8606118455421665,-0.6668881950872674,-0.14076422102630204
14.500000216,983.0692138671875,981.0755916981094,983.7353156323697,983.6841076090826,1.993622169078094,-0.6661017651822476,-0.6148937418951164
14.600000217,983.0438842773438,981.4937389978489,983.6336720484093,983.3163403038953,1.5501452794948136,-0.5897877710655166,-0.27245602655159473
14.700000219,983.0196533203125,981.993941053433,983.5626722226727,983.6856968940814,1.0257122668795091,-0.5430189023602452,-0.6660435737688886
14.700000219,982.9983520507812,982.423841693912,983.3640512161834,982.5790420670718,0.5745103568692684,-0.365699165402134,0.4193099837094678
14.900000222,982.9807739257812,982.2042468704085,983.3203416554898,982.9180872685974,0.7765270553727532,-0.3395677297085058,0.06268665718380362
14.900000222,982.9666137695312,982.4061567534351,983.3325751581267,983.6999111049688,0.5604570160961657,-0.36596138859545135,-0.7332973354375554
15.100000225,982.957763671875,982.0676418434327,983.4103094585982,983.8051147410981,0.8901218284422612,-0.45254578672324897,-0.847351069223123
15.100000225,982.9541015625,981.9318946614201,983.3815450532223,983.3824215364489,1.022206901079926,-0.42744349072233945,-0.42831997394887367
15.300000227,982.9557495117188,981.8084045786242,983.383233369835,983.5269148466112,1.1473449330945868,-0.4274838581162612,-0.5711653348924983
15.300000227,982.9634399414062,981.6466427203416,983.4560321500106,983.9626851282518,1.3167972210646894,-0.49259220860437836,-0.9992451868455419
15.50000023,982.9767456054688,981.9955301275282,983.4493658225599,983.6174443345752,0.9812154779405091,-0.472620217091162,-0.6406987291064752
15.600000232,982.9943237304688,982.3496835202286,983.3983344952463,982.8060270307598,0.6446402102401407,-0.40401076477758124,0.18829669970898522
15.700000233,983.0142211914062,982.819059004634,983.3524728271807,983.2270802134233,0.1951621867722224,-0.33825163577444073,-0.2128590220170281
15.800000235,983.0326538085938,982.4205268767091,983.3915892573226,982.9702063684928,0.6121269318846316,-0.3589354487288574,0.06244744010098202
15.900000236,983.0485229492188,982.2148205866325,983.4274244755452,983.2764394508208,0.833702362586223,-0.3789015263264446,-0.227916501602067
16.000000238,983.0615234375,982.016112036866,983.3805071725641,983.2307380751594,1.0454114006339523,-0.31898373506408007,-0.1692146376593655
16.000000238,983.072021484375,982.2354035794249,983.3646385297732,983.6464283131886,0.836617904950117,-0.292617045398174,-0.5744068288136077
16.100000239,983.080810546875,982.4369588987736,983.3800192894894,983.5362291336139,0.6438516481014176,-0.2992087426143826,-0.4554185867389151
16.300000242,983.0884399414062,982.1126784921871,983.3918500864904,983.6452228166207,0.9757614492191351,-0.30341014508417175,-0.5567828752144806
16.400000244,983.0960083007812,982.193833169567,983.4216929754655,984.2611140180007,0.9021751312142214,-0.3256846746842257,-1.1651057172194896
16.500000245,983.1055297851562,982.6518497109805,983.4435648896215,983.8361634761329,0.4536800741757361,-0.3380351044652343,-0.7306336909766742
16.500000245,983.1168823242188,982.5976325143419,983.5188213871052,983.5585920055986,0.5192498098768965,-0.401939062886413,-0.441709681379848
16.600000247,983.1301879882812,982.5300851520005,983.5164566841307,983.2034331836792,0.6001028362807119,-0.38626869584948054,-0.07324519539793073
16.80000025,983.14453125,982.4267338338638,983.6451728041808,984.2573675689935,0.7177974161362499,-0.5006415541807883,-1.112836318993459
16.80000025,983.1555786132812,982.1145401445799,983.707052191673,983.8952333257425,1.0410384687013448,-0.5514735783917786,-0.739654712461288
16.900000251,983.1632690429688,982.1346050313302,983.6598323094273,982.7585392527013,1.0286640116385115,-0.4965632664585655,0.4047297902674245
17.100000254,983.1671142578125,982.5875753796768,983.609058620384,983.1386914227575,0.579538878135736,-0.4419443625714621,0.028422835055039286
17.100000254,983.1666259765625,982.3884715387177,983.6703134538517,984.1487774682895,0.7781544378448189,-0.5036874772891906,-0.9821514917269951
17.300000257,983.16162109375,982.1515912231943,983.5855358676929,982.7974469550319,1.0100298705557407,-0.4239147739428972,0.36417413871811277
17.400000259,983.1513061523438,982.431846543696,983.4777269846315,983.1830251873893,0.7194596086477532,-0.32642083228779484,-0.0317190350455121
17.400000259,983.135498046875,982.688594697078,983.3866886437442,982.9257800672581,0.44690334979702584,-0.2511905968691508,0.20971797961692573
17.600000262000002,983.1151123046875,982.8442395859877,983.4527305810892,984.2190113790507,0.2708727186998203,-0.33761827640171305,-1.1038990743631985
17.600000262000002,983.0933227539062,982.7627683347284,983.5122641845048,983.7987692178345,0.33055441917781536,-0.41894143059857925,-0.7054464639282969
17.800000265,983.0735473632812,982.4141249148608,983.4646310504729,983.7810362286752,0.6594224484204005,-0.3910836871916672,-0.7074888653939979
17.900000266,983.05859375,982.301365273908,983.4310230268517,983.5591530895266,0.7572284760919956,-0.37242927685167615,-0.5005593395266033
18.000000268,983.0449829101562,982.1882101788954,983.4989044776988,983.4373537611739,0.8567727312608895,-0.4539215675425794,-0.39237085101763114
18.100000269,983.0377197265625,981.8118359192785,983.5459325811569,983.6089724573396,1.225883807284049,-0.508212854594376,-0.5712527307771325
18.200000271,983.0360107421875,981.4260943999573,983.4646655107856,983.3361067645773,1.6099163422302354,-0.4286547685981077,-0.3000960223897664
18.200000271,983.0355834960938,981.0004479680238,983.4678362829338,982.8291546765142,2.0351355280699863,-0.43225278684008117,0.2064288195795143
18.400000274,983.0357055664062,980.7492757582447,983.5148645960489,983.6533083185401,2.286429808161529,-0.47915902964268753,-0.6176027521338483
18.400000274,983.0366821289062,980.9809758061891,983.624803907019,984.0251731769563,2.0557063227171284,-0.5881217781127361,-0.9884910480500366
18.600000277,983.0374145507812,980.9484425073732,983.5347976256705,983.3189485655672,2.0889720434080346,-0.4973830748892851,-0.2815340147859615
18.600000277,983.0371704101562,980.6303367732842,983.5299036203287,983.7498291644171,2.4068336368720793,-0.492733210172446,-0.7126587542608149
18.80000028,983.0354614257812,980.3627148695348,983.5502519294829,983.9845193202169,2.672746556246466,-0.5147905037016471,-0.9490578944356685
18.80000028,983.0326538085938,980.152517766179,983.4283619831433,982.3402536261283,2.8801360424147333,-0.3957081745495543,0.6924001824654624
19.000000283,983.0281982421875,980.0532175772082,983.5488292453281,984.6420263830244,2.9749806649792845,-0.5206310031405792,-1.6138281408368584
19.000000283,983.0220336914062,980.6713937227826,983.6456699136273,984.5773791403316,2.350639968623682,-0.6236362222210801,-1.5553454489253227
19.200000286,983.0162963867188,980.4353337068746,983.6243509879266,983.122917507571,2.580962679844106,-0.6080546012078685,-0.10662112085219633
19.200000286,983.009765625,980.8823052078119,983.7498876815283,984.0845216125313,2.1274604171881037,-0.7401220565283211,-1.0747559875312618
19.400000289,983.001708984375,981.439778537636,983.6524535544495,982.6789670477527,1.5619304467389838,-0.6507445700744938,0.3227419366222648
19.50000029,982.9925537109375,981.0491084931363,983.5335555895253,982.8361935277126,1.9434452178012407,-0.5410018785878492,0.15636018322493328
19.600000292,982.9819946289062,980.7114123012907,983.5673439803984,983.6568324742991,2.270582327615557,-0.5853493514921411,-0.6748378453928581
19.700000293,982.9712524414062,980.2694615471419,983.4606703980808,982.6830933412394,2.701790894264377,-0.48941795667451515,0.28815910016680846
19.800000295,982.9612426757812,980.4361154979242,983.4150708998916,983.5285243383246,2.52512717785703,-0.45382822411033885,-0.567281662543337
19.900000296,982.9522705078125,980.5913311521509,983.5244084734934,983.433629362147,2.3609393556615714,-0.5721379656808949,-0.4813588543345304
20.000000298,982.9444580078125,981.1017951724932,983.429000504127,983.6879466893603,1.8426628353192882,-0.4845424963144751,-0.7434886815477739
20.000000298,982.9384765625,981.2503929971562,983.4115744605253,984.4031187043148,1.6880835653438453,-0.47309789802534397,-1.4646421418148066
20.100000299,982.93310546875,981.7591745353554,983.4228023144557,983.2351960468742,1.1739309333945585,-0.48969684570568006,-0.3020905781241936
20.300000302,982.9295654296875,981.4200376775465,983.2568748843802,982.4252473117749,1.5095277521410253,-0.32730945469268136,0.5043181179125895
20.400000303,982.927490234375,981.6039979027403,983.3979077768363,984.0892959723172,1.323492331634725,-0.4704175424612913,-1.1618057379422453
20.400000303,982.9267578125,981.7757396608381,983.4886240273356,983.7433560327045,1.1510181516619014,-0.5618662148356179,-0.8165982202044688
20.600000306,982.9283447265625,981.8244610459599,983.4812431924522,983.5830241254656,1.103883680602621,-0.5528984658897116,-0.654679398903113
20.600000306,982.9317626953125,982.2559746872644,983.5172553455932,983.0432148726485,0.67578800804813,-0.5854926502806848,-0.11145217733599111
20.700000308,982.9342041015625,982.2813022640378,983.510426558327,983.4602364656644,0.6529018375247233,-0.5762224567645262,-0.5260323641018658
20.900000311,982.9349975585938,982.7668296805325,983.5263812529511,983.5931763083867,0.16816787806124012,-0.5913836943573187,-0.6581787497929099
21.000000312,982.9325561523438,982.3251502004613,983.5058073740493,983.4822079003424,0.6074059518824697,-0.5732512217055046,-0.5496517479986096
21.100000314,982.9269409179688,981.9055423188455,983.4295643716263,983.6406886800858,1.0213985991232448,-0.5026234536575203,-0.7137477621170092
21.200000315,982.9180908203125,981.5303641597565,983.4379855032952,983.3194073635625,1.3877266605560408,-0.5198946829826809,-0.40131654325000454
21.300000317,982.9066162109375,981.1255645987673,983.4938414907783,982.9838071866047,1.7810516121702449,-0.5872252798408226,-0.07719097566723576
21.400000318,982.903564453125,980.7553252130964,983.3054103385393,982.2049844499285,2.1482392400286017,-0.40184588541433186,0.6985800031965255
21.400000318,982.9342651367188,980.5727737008832,983.2452349500256,983.1416021475677,2.3614914358355463,-0.3109698133068832,-0.20733701084895984
21.600000321,982.9553833007812,980.4199332019857,983.2507755668288,983.6384302934973,2.535450098795536,-0.29539226604754276,-0.683046992716072
21.700000323,983.0009155273438,980.6395125831582,983.3169723435515,983.7051826398731,2.3614029441855564,-0.31605681620771975,-0.7042671125293509
21.800000324,983.0230102539062,980.7598264588286,983.3133898931683,983.424411961835,2.26318379507768,-0.2903796392620279,-0.40140170792869867
21.900000326,983.0401611328125,980.8774120472983,983.3034328298381,983.4936056750842,2.1627490855141787,-0.2632716970256297,-0.4534445422716544
22.000000327,983.0556030273438,981.1561459863964,983.39456191567,984.3934987586626,1.8994570409473681,-0.3389588883262604,-1.3378957313188948
22.000000327,983.0647583007812,981.0544411389666,983.2873102837897,982.5681723612812,2.010317161814669,-0.2225519830084295,0.4965859395000507
22.20000033,983.0558471679688,981.0268060977301,983.3713862334405,984.1601668600699,2.0290410702386907,-0.3155390654717394,-1.1043196921011713
22.300000332,983.0555419921875,980.8821023305919,983.3891051916684,983.1609967688833,2.17343966159558,-0.33356319948086366,-0.1054547766957512
22.400000333,983.0718383789062,981.055510331551,983.4900673454822,983.2146059880677,2.016328047355273,-0.41822896657595265,-0.1427676091614103
22.400000333,983.0907592773438,981.2355041778368,983.5487567846143,983.7284965388898,1.8552550995069623,-0.4579975072705338,-0.6377372615460217
22.600000336,983.1021728515625,981.3911327661964,983.5458655724149,983.609518171502,1.7110400853661076,-0.44369272085236844,-0.5073453199395317
22.700000338,983.110107421875,981.5728088967992,983.4996511361584,983.2430382773075,1.537298525075812,-0.3895437142833771,-0.13293085543250527
22.800000339,983.1105346679688,981.5563124235058,983.5444021480049,983.8719220803009,1.5542222444629488,-0.43386748003615594,-0.7613874123321693
22.900000341,983.1017456054688,981.4844176964784,983.6116107889044,984.1656920840791,1.617327908990319,-0.509865183435636,-1.063946478610319
23.000000342,983.0891723632812,981.4131778787921,983.583297455228,984.1103654218983,1.675994484489138,-0.4941250919467848,-1.0211930586170865
23.100000344,983.0665283203125,981.2975984856557,983.64196378762,983.1548356852044,1.768929834656774,-0.5754354673075568,-0.0883073648918753
23.200000345,983.0372314453125,981.1714560232544,983.4766985154513,982.5075141383796,1.86577542205805,-0.4394670701387895,0.5297173069328664
23.300000347,983.0051879882812,981.0371224990787,983.5145786157989,983.539797772359,1.9680654892025586,-0.5093906275176323,-0.534609784077702
23.400000348,982.9624633789062,981.2174458806653,983.5338067545268,983.4068873753479,1.7450174982409408,-0.5713433756205859,-0.44442399644162833
23.400000348,982.91552734375,981.3074853370146,983.5126149346331,983.5165783399533,1.6080420067354453,-0.5970875908831204,-0.6010509962032984
23.600000351,982.8688354492188,981.3719902812417,983.4539370058071,983.0227388832428,1.4968451679770851,-0.5851015565883699,-0.15390343402407325
23.700000353,982.8419799804688,981.7289270568049,983.3532211971084,982.2358801903176,1.1130529236638722,-0.5112412166396325,0.60609979015112
23.800000354,982.82373046875,982.1454429806981,983.3556259033143,983.8959691423605,0.6782874880518648,-0.5318954345642624,-1.0722386736105136
23.900000356,982.7879638671875,982.488952828209,983.1797915686213,982.4073487371506,0.2990110389785059,-0.39182770143384005,0.3806151300368583
24.000000357,982.7352905273438,982.7822112170701,983.032713969377,982.6395894294546,-0.046920689726334786,-0.29742344203327775,0.09570109788910486
24.000000357,982.667236328125,983.1046606685037,983.0772642459963,983.6003384513947,-0.4374243403786977,-0.41002791787127535,-0.9331021232696912
24.20000036,982.598876953125,983.4876199059954,983.1873842818648,983.6087144970668,-0.888742952870416,-0.5885073287397518,-1.009837543941785
24.20000036,982.5416870117188,983.5837212181328,983.1627143265299,983.2930982190114,-1.0420342064140868,-0.6210273148111582,-0.7514112072926764
24.400000363,982.4953002929688,983.3775620616199,983.1481563167794,983.2613072778424,-0.8822617686511194,-0.6528560238106138,-0.7660069848736839
24.500000365,982.4627075195312,983.1415757600778,983.0749707536701,982.7847227088579,-0.6788682405465352,-0.6122632341388226,-0.32201518932663475
24.500000365,982.4451293945312,983.0551123989521,983.1313818211172,983.5868495577154,-0.6099830044208829,-0.686252426585952,-1.141720163184118
24.600000366,982.441162109375,982.855733836142,983.2536384231644,983.4584462107905,-0.41457172676700793,-0.8124763137893751,-1.0172841014154983
24.800000369,982.4481811523438,982.754650359043,983.0640523428607,982.000108339324,-0.30646920669926203,-0.6158711905169412,0.4480728130197349
24.900000371,982.4652709960938,982.8631488070354,983.1299491829537,983.0663171380804,-0.39787781094162256,-0.6646781868599874,-0.6010461419866715
24.900000371,982.489013671875,982.6925913570178,983.1571222623143,982.9113202230606,-0.20357768514281815,-0.6681085904392603,-0.4223065511855566
25.100000374,982.517578125,982.5392503886344,983.1105323635174,983.1344394634252,-0.021672263634400224,-0.59295423851745,-0.616861338425224
25.200000375,982.5474853515625,982.1687605894597,983.0452177519448,982.955568381342,0.37872476210282,-0.4977324003823469,-0.4080830297795046
25.300000376,982.5763549804688,982.1080234519884,983.0741266088587,983.5821867881491,0.4683315284803484,-0.49777162838995537,-1.0058318076803516
25.400000378,982.6033935546875,981.7668299643325,983.0766878479011,983.2869196682661,0.8365635903550128,-0.4732942932135984,-0.6835261135786368
25.500000379,982.6287841796875,981.6436719907482,983.08425236262,982.860367856047,0.9851121889392971,-0.4554681829324636,-0.23158367635949162
25.500000379,982.6513061523438,981.249197602906,982.9784828004971,982.5291539364854,1.4021085494377985,-0.32717664815334047,0.12215221585836389
25.600000381,982.6699829101562,980.929742650481,983.0176475916475,983.8500941222935,1.7402402596752609,-0.3476646814912101,-1.1801112121372626
25.700000382,982.6860961914062,980.5501656013378,983.0456933330261,982.280565753112,2.135930590068483,-0.3595971416198154,0.4055304382942495
25.900000385,982.699951171875,980.2373260029203,983.1074071060748,983.6834548685674,2.4626251689546734,-0.4074559341997883,-0.9835036966924235
26.000000387,982.7120361328125,979.9450958488321,983.1781016391012,983.6182655533244,2.766940283980375,-0.46606550628871446,-0.9062294205118633
26.100000388,982.7241821289062,979.6194287637644,983.0897362073858,982.2507851462715,3.104753365141846,-0.3655540784795903,0.4733969826347675
26.100000388,982.738037109375,979.3736110720463,983.1557950061846,983.6161563693299,3.3644260373287125,-0.41775789680957587,-0.8781192599549286
26.20000039,982.753173828125,979.1075270548295,983.0882686707228,982.9069234335303,3.645646773295539,-0.3350948425977549,-0.15374960540532356
26.400000393,982.7700805664062,978.8810107764863,983.05007942614,982.9050272224349,3.889069789919972,-0.2799988597337233,-0.13494665602866007
26.500000394,982.7888793945312,978.8642630410574,983.0216412278187,982.5759858728385,3.92461635347388,-0.23276183328744082,0.212893521692763
26.500000394,982.8078002929688,978.6781761239062,983.152462038745,983.8373620457488,4.129624169062595,-0.3446617457763068,-1.0295617527800687
26.700000397,982.8263549804688,978.4932526507896,983.1352405022648,983.67787875749,4.33310232967915,-0.3088855217960145,-0.8515237770212707
26.700000397,982.8452758789062,978.4645164507592,983.2816057717085,983.7442184475493,4.38075942814703,-0.4363298928022914,-0.898942568643065
26.9000004,982.864013671875,978.4279980261707,983.2670134659227,983.5375318107093,4.436015645704288,-0.4029997940476733,-0.6735181388343108
27.000000402,982.8833618164062,978.9541640328983,983.2543244559201,983.4913754532998,3.9291977835079024,-0.3709626395138912,-0.6080136368935882
27.100000403,982.903076171875,979.6568012519359,983.3522667023474,983.2302076105418,3.246274919939083,-0.44919053047237867,-0.32713143866681094
27.100000403,982.9224243164062,980.3514454876663,983.3656585778429,983.7500751242852,2.5709788287399533,-0.4432342614366007,-0.8276508078789675
27.300000406,982.94091796875,980.3506978716221,983.3617962824652,982.8683004797551,2.59022009712794,-0.4208783137152068,0.0726174889948652
27.400000408,982.952880859375,980.1641192726776,983.4472648858202,983.7597132559844,2.788761586697433,-0.49438402644523194,-0.8068323966093658
27.500000409,982.9571533203125,979.9627094076678,983.513066192236,983.2339989369952,2.9944439126446696,-0.5559128719235105,-0.2768456166827491
27.500000409,982.9547729492188,980.4158302899151,983.3831246608794,982.537946732183,2.5389426593036433,-0.428351711660639,0.4168262170358048
27.700000412,982.947021484375,980.9202786471029,983.4318103323873,984.1647354725692,2.0267428372720815,-0.48478884801227196,-1.2177139881941912
27.800000414,982.9344482421875,981.2786678955641,983.2871616602937,982.2977317266137,1.6557803466233736,-0.35271341810619106,0.6367165155737666
27.900000415,982.9194946289062,981.643338122739,983.2168014591049,982.833929798823,1.27615650616724,-0.2973068301986359,0.08556483008328541
27.900000415,982.9025268554688,982.1289473974005,983.090248973318,982.2258505954288,0.7735794580682978,-0.18772211784926185,0.6766762600399261
28.100000418,982.8881225585938,982.6394072628509,983.0951982291193,983.2797001685533,0.24871529574284068,-0.20707567052556897,-0.3915776099595405
28.20000042,982.8768310546875,982.1395674306665,982.9514132156826,982.3122249899203,0.7372636240210113,-0.07458216099507808,0.5646060647671902
28.300000421,982.8712158203125,981.8174097249156,983.0532627579298,983.8867959022267,1.053806095396908,-0.18204693761731505,-1.0155800819142087
28.400000423,982.8715209960938,981.5150423025908,983.0790082468578,984.0171681452647,1.356478693502936,-0.20748725076407482,-1.1456471491709408
28.500000424,982.8773803710938,981.3435970292874,983.0756341816601,983.2002582850184,1.5337833418063838,-0.1982538105663707,-0.32287791392468534
28.600000426,982.8870239257812,981.6167527358327,983.1326830234678,983.1084351502619,1.2702711899485166,-0.24565909768659822,-0.22141122448067563
28.700000427,982.8989868164062,981.4357034939258,983.068074779025,983.5186530281386,1.4632833224804926,-0.1690879626187325,-0.6196662117323513
28.800000429,982.906005859375,981.6784157708956,983.1435654037816,983.0526379741805,1.22759008847936,-0.23755954440662208,-0.14663211480547034
28.90000043,982.90625,981.5023629289889,983.2214080012158,983.6123557731638,1.4038870710111269,-0.31515800121576376,-0.706105773163813
29.000000432,982.9183959960938,981.7617622655202,983.3375072772251,983.3868433555222,1.1566337305735033,-0.419111281131336,-0.46844735942841
29.100000433,982.928466796875,982.0105365112289,983.3498659108657,983.4032865049593,0.9179302856460936,-0.42139911399067387,-0.47481970808428287
29.200000435,982.9354248046875,981.9187368725485,983.5455610719175,984.2691766004391,1.016687932139007,-0.6101362672300183,-1.3337517957515956
29.300000436,982.9359130859375,981.8473813744877,983.4555352972469,982.9865381555217,1.088531711449832,-0.5196222113094109,-0.050625069584157245
29.300000436,982.9349975585938,981.8614941914462,983.4814107500512,984.2759226733078,1.0735033671475094,-0.5464131914574182,-1.3409251147140822
29.500000439,982.9303588867188,981.8807165587745,983.4424284788338,982.8104355728426,1.049642327944298,-0.51206959211504,0.11992331387614286
29.600000441,982.9260864257812,981.9846761222864,983.4920120895418,983.6042712573437,0.9414103034948766,-0.5659256637605949,-0.6781848315624757
29.600000441,982.9224853515625,982.0596875604338,983.4882240976455,983.4807731091724,0.8627977911287417,-0.5657387460829568,-0.5582877576099463
29.800000444,982.9193725585938,982.161142093654,983.5990042480971,984.160439478697,0.7582304649397429,-0.6796316895033669,-1.2410669201032078
29.900000445,982.9163208007812,982.2337251208967,983.5933717514157,983.5560308063519,0.6825956798845709,-0.6770509506344524,-0.6397100055706915
30.000000447,982.9124145507812,982.2736775085915,983.5429347003064,982.8824728444285,0.6387370421897458,-0.6305201495251822,0.029941706352701658
30.000000447,982.9072265625,982.3212495262345,983.5098040921491,983.0719804233873,0.5859770362654899,-0.6025775296491247,-0.16475386088734467
30.20000045,982.90185546875,982.4242862060245,983.5249657128672,984.420792807617,0.4775692627255239,-0.6231102441172425,-1.5189373388669765
30.300000451,982.899658203125,982.4550465286694,983.5387294910249,983.1241759371,0.4446116744555866,-0.6390712878999238,-0.2245177339749489
30.400000452,982.8973999023438,982.4612078427141,983.3703820943049,982.5924487061068,0.43619205962966134,-0.4729821919611368,0.30495119623697065
30.400000452,982.895263671875,982.518866125305,983.4673217805055,983.7798324348521,0.37639754657004687,-0.5720581086304719,-0.8845687629770964
30.500000454,982.8934936523438,982.5230718745714,983.3684177246632,982.6152306989205,0.37042177777232155,-0.47492407231948164,0.2782629534232228
30.700000457,982.892333984375,982.5733645491797,983.3874656120313,983.671251982852,0.3189694351952994,-0.49513162765629204,-0.7789179984770271
30.800000458,982.8912353515625,982.5948248058438,983.2775654810208,983.0614381685917,0.2964105457186861,-0.38633012945831524,-0.17020281702923512
30.90000046,982.8903198242188,982.6721091729155,983.3580464368921,984.3608403650629,0.21821065130325223,-0.4677266126733457,-1.470520540844177
31.000000461,982.8893432617188,982.719837738682,983.4460716177107,983.762724652615,0.16950552303671884,-0.556728355991936,-0.8733813908962702
31.100000463,982.8884887695312,982.7550699518853,983.4915251835249,983.5265160815316,0.13341881764597474,-0.6030364139936637,-0.6380273120003039
31.200000464,982.8876342773438,982.7417046061555,983.294496245528,982.4505034276484,0.14592967118824163,-0.4068619681842165,0.4371308496953361
31.200000464,982.8865356445312,982.7635503261379,983.3061240257157,983.2404537389762,0.12298531839337556,-0.41958838118443964,-0.3539180944449072
31.400000467,982.885986328125,982.7931512482498,983.3909406392206,983.4406148411543,0.09283507987515804,-0.5049543110956165,-0.5546285130293427
31.500000469,982.8851928710938,982.8143859712658,983.3408318719487,983.2787447621336,0.07080689982797139,-0.45563900085494424,-0.3935518910398059
31.500000469,982.884521484375,982.8351168163226,983.4081545696642,983.2884576760766,0.0494046680523752,-0.5236330852892479,-0.4039361917016322
31.700000472,982.8836669921875,982.8468123392623,983.351412627026,983.1038325564703,0.03685465292517165,-0.4677456348384794,-0.2201655642827518
31.700000472,982.8829345703125,982.8525719583828,983.3432091254635,982.9794031529678,0.030362611929717787,-0.4602745551510452,-0.09646858265534775
31.800000473,982.882080078125,982.8821894556638,983.2598464686773,983.5272137971981,-0.0001093775388198992,-0.3777663905523241,-0.645133719073101
31.900000475,982.8814086914062,982.9105185519919,983.2365252107353,983.5295120731938,-0.029109860585663228,-0.3551165193290444,-0.6481033817875641
32.000000476,982.8814086914062,982.8985923234061,983.1475756785301,982.6370207594811,-0.017183631999841964,-0.2661669871238246,0.24438793192518915
32.100000478,982.880126953125,982.9157817103918,983.2316902832024,983.2916494743736,-0.03565475726679779,-0.35156333007739704,-0.41152252124857114
32.300000481,982.880126953125,982.9425281433439,983.2559841264216,983.4833921711662,-0.06240119021890678,-0.37585717329659474,-0.6032652180412015
32.400000482,982.8823852539062,982.9778116288245,983.2074022899633,982.9547964765717,-0.09542637491824735,-0.3250170360570337,-0.07241122266543698
32.400000482,982.8839721679688,982.9979636619205,983.1439358235255,982.6440800977557,-0.1139914939517439,-0.2599636555567031,0.23989207021304537
32.600000485,982.8856201171875,983.0624992140806,983.1783423641342,983.6325230821642,-0.1768790968931171,-0.2927222469467097,-0.7469029649766981
32.700000487,982.8895263671875,983.1368131624906,983.2327004138162,983.6474130532898,-0.24728679530312547,-0.3431740466287465,-0.7578866861023243
32.700000487,982.8976440429688,983.2016884268982,983.2589594037985,983.2419930527913,-0.30404438392940847,-0.36131536082973525,-0.3443490098225084
32.800000488,982.90625,983.2347645791592,983.2337678198404,983.2752979576178,-0.32851457915921856,-0.3275178198404092,-0.36904795761779496
33.000000491,982.9122314453125,983.2987789878414,983.151012601236,982.7019598871477,-0.3865475425288878,-0.23878115592344784,0.21027155816477716
33.100000493,982.915283203125,983.2373115503897,983.1355779793763,982.4826745408852,-0.322028347264677,-0.22029477625130767,0.43260866223977246
33.100000493,982.9180908203125,983.3277994980532,983.1582289696065,983.5181593766764,-0.40970867774069575,-0.24013814929401178,-0.6000685563639081
33.300000496,982.9251098632812,983.2874599283879,983.0626979148398,982.5280816234977,-0.36235006510662515,-0.1375880515585095,0.39702823978359447
33.400000497,982.9360961914062,983.4043176988638,983.17269219911,984.0547393192743,-0.46822150745754243,-0.23659600770372435,-1.1186431278680402
33.500000499,982.9503173828125,983.3765777865746,983.2235951557948,983.153109664605,-0.42626040376205765,-0.27327777298228284,-0.20279228179254005
33.6000005,982.9785766601562,983.5019649924161,983.2166951010811,983.5635225350253,-0.5233883322598558,-0.23811844092483625,-0.5849458748690495
33.700000502,983.000732421875,983.689944275043,983.2879341179823,984.359803222301,-0.6892118531679898,-0.2872016961073314,-1.359070800426025
33.800000503,983.0145874023438,983.5043091204163,983.323808018103,983.6007320539998,-0.48972171807258746,-0.30922061575927273,-0.5861446516560136
33.900000505,983.024658203125,983.3987958370734,983.4101161383587,984.1383791601739,-0.3741376339484077,-0.38545793523371685,-1.1137209570489404
34.000000506,983.0283203125,983.250533984129,983.4527632028472,983.1284305320335,-0.22221367162899242,-0.4244428903472226,-0.10011021953346244
34.000000506,983.029052734375,983.118256051311,983.5104406663019,983.0594491754317,-0.08920331693605021,-0.4813879319268608,-0.030396441056723233
34.200000509,983.0231323242188,983.0125734737445,983.4830889969835,983.2446426834944,0.010558850474239989,-0.45995667276474705,-0.22151035927561225
34.300000511,983.0071411132812,982.8925659569167,983.5407362495831,983.1045541494926,0.11457515636459448,-0.5335951363018694,-0.09741303621137831
34.400000512,982.9774169921875,982.7915717717144,983.477193376944,983.4193105928822,0.18584522047308383,-0.4997763847565011,-0.44189360069469785
34.500000514,982.9448852539062,982.6543876123071,983.5436476110544,983.8176520057107,0.2904976415991314,-0.598762357148189,-0.87276675180442
34.600000515,982.9177856445312,982.4906224896511,983.4987232296753,983.1142787212336,0.42716315488019063,-0.5809375851440564,-0.19649307670238159
34.700000517,982.8931274414062,982.3587922080783,983.391708251332,983.2896534388693,0.5343352333279654,-0.4985808099257838,-0.3965259974630726
34.800000518,982.87109375,982.2278083367482,983.3935305439267,983.6189549799428,0.6432854132517605,-0.5224367939266585,-0.7478612299428278
34.90000052,982.8518676757812,982.1972689411195,983.4102700621801,984.30577434271,0.6545987346617039,-0.558402386398825,-1.4539066669287877
35.000000521,982.8367919921875,982.1420042945748,983.4684130792223,983.7098607024553,0.6947876976126963,-0.6316210870347732,-0.8730687102678303
35.100000523,982.8219604492188,982.0663238618912,983.5693571598637,984.068889981846,0.7556365873275581,-0.7473967106449209,-1.2469295326272913
35.100000523,982.8057861328125,981.9168143331284,983.5838709227774,983.3897803126308,0.8889717996841,-0.7780847899648506,-0.583994179818319
35.300000526,982.785888671875,981.7728433528897,983.6101071803932,983.3669167256522,1.0130453189852915,-0.8242185085182427,-0.5810280537772314
35.400000527,982.7634887695312,981.7624087067194,983.5915344285899,983.2335830748478,1.001080062811866,-0.8280456590586027,-0.4700943053165929
35.400000527,982.7421875,981.8173583706484,983.5048699479012,982.9510071988251,0.9248291293515649,-0.7626824479011702,-0.20881969882509566
35.500000528,982.7188720703125,981.893959337822,983.5441674323241,983.5072535654615,0.8249127324904748,-0.8252953620116159,-0.7883814951489967
35.700000531,982.6911010742188,982.0770357010277,983.4421574851889,982.2695539675177,0.6140653731910106,-0.7510564109701363,0.42154710670104123
35.700000531,982.6593017578125,981.938575969068,983.3761692426124,982.9590725541763,0.7207257887445166,-0.7168674847998773,-0.2997707963637595
35.900000534,982.6270751953125,981.8280266409593,983.2886598641805,983.4306805583933,0.7990485543532486,-0.6615846688680449,-0.8036053630808055
36.000000536,982.6025390625,981.6995378568532,983.1488221966313,982.3114840269614,0.903001205646774,-0.5462831341312722,0.29105503553864764
36.100000537,982.5851440429688,981.595608817541,983.0170731558461,982.7513995739932,0.9895352254277441,-0.4319291128773557,-0.16625553102448976
36.200000539,982.5753784179688,981.5070923085195,982.9780848847904,982.999897602075,1.0682861094492182,-0.40270646682165534,-0.4245191841062024
36.30000054,982.5728759765625,981.4125690707933,982.8874122838495,982.4601907162458,1.1603069057691755,-0.31453630728697135,0.1126852603166526
36.30000054,982.581298828125,981.3435585661158,982.8882420659531,983.2418808958819,1.237740262009197,-0.30694323782813626,-0.6605820677568772
36.400000542,982.6043701171875,981.2915321021659,982.9492645500079,983.5612320393731,1.3128380150216117,-0.34489443282041066,-0.956861922185567
36.600000545,982.647705078125,981.1553509838026,982.8436516709496,982.4511247748784,1.4923540943224225,-0.1959465928246118,0.19658030324660558
36.700000546,982.6953125,981.0990998879706,982.9414605557229,983.2476428152512,1.596212612029376,-0.24614805572286969,-0.5523303152511971
36.800000548,982.736083984375,981.0171287486628,983.0049958386386,983.5944253833331,1.718955235712201,-0.26891185426359243,-0.8583413989581459
36.900000549,982.7699584960938,981.0246332883154,983.0311753795482,983.6924759674872,1.7453252077783645,-0.26121688345449456,-0.9225174713934621
37.000000551,982.7964477539062,981.0289328520093,983.1246265762495,983.2459959939753,1.7675149018969023,-0.32817882234326134,-0.4495482400690207
37.100000552,982.8167724609375,981.076716607683,983.1586601103469,983.0917349149674,1.7400558532544892,-0.34188764940938654,-0.27496245402994646
37.100000552,982.8344116210938,981.238257268697,983.1903909681644,983.3172061802501,1.596154352396752,-0.3559793470706154,-0.48279455915633207
37.200000554,982.8482055664062,981.3501742675383,983.2705514031144,983.2617950657456,1.4980312988679998,-0.4223458367081321,-0.41358949933930944
37.400000557,982.8604736328125,981.4971719225813,983.207066528322,982.6070321479575,1.3633017102312124,-0.34659289550950234,0.25344148485498863
37.500000557999996,982.8657836914062,981.5293474818101,983.1732115048486,983.2226818046394,1.3364362095961724,-0.30742781344235937,-0.3568981132331146
37.500000557999996,982.8591918945312,981.7361771292238,983.3027322904518,983.7463326309116,1.1230147653074027,-0.44354039592053596,-0.8871407363803883
37.700000561,982.8513793945312,981.9520351861845,983.3939288411159,984.159608321892,0.8993442083467471,-0.5425494465846441,-1.3082289273608012
37.800000563,982.8316040039062,981.8593552692761,983.2694535227818,982.3496721999903,0.9722487346301705,-0.4378495188755096,0.48193180391592705
37.900000564,982.7921752929688,981.8229271842257,983.2218966507126,983.216907246796,0.9692481087430451,-0.4297213577438015,-0.42473195382729045
38.000000566,982.7355346679688,981.8253940264027,983.3042831553194,984.0698610400436,0.9101406415660449,-0.5687484873506037,-1.3343263720748837
38.000000566,982.6622314453125,981.7943035203191,983.2424244554143,982.4731479159165,0.8679279249934098,-0.580193010101766,0.18908352939604356
38.200000569,982.5634155273438,981.8400621303028,983.079282872624,981.6857903523486,0.7233533970409098,-0.5158673452802987,0.8776251749951598
38.30000057,982.4317626953125,981.9671856081308,982.9984037936777,982.453004276281,0.4645770871817376,-0.5666410983651531,-0.021241580968535345
38.30000057,982.2888793945312,982.0880711077215,982.9814494253003,982.4374884641836,0.20080828680977447,-0.6925700307690477,-0.1486090696523661
38.500000573,982.1490478515625,982.0177339093658,982.9266014530225,982.6742020818627,0.131313942196698,-0.7775536014599993,-0.5251542303002452
38.600000575,982.017333984375,981.9392384797418,982.7342993973809,981.823312074495,0.07809550463321102,-0.7169654130059371,0.19402190988000712
38.600000575,981.8792724609375,981.9569834121945,982.5162602497779,981.9792168458619,-0.07771095125701777,-0.636987788840429,-0.0999443849243562
38.800000578,981.7134399414062,982.0055221920652,982.5506352241919,982.6934219441276,-0.2920822506589502,-0.8371952827856148,-0.9799820027213855
38.800000578,981.5075073242188,982.1498041951234,982.3824161997815,981.5347170026935,-0.6422968709046017,-0.8749088755627099,-0.027209678474719112
39.000000581,981.280517578125,981.9394603027998,982.136646134436,981.6121603865885,-0.6589427246748301,-0.8561285563109777,-0.33164280846347083
39.100000582,981.0432739257812,981.6975523383362,981.9606415332028,980.7131019035853,-0.6542784125549588,-0.9173676074215109,0.33017202219593855
39.200000584,980.813720703125,981.5600407849576,981.9474342469375,981.5537174896958,-0.7463200818325504,-1.1337135438125188,-0.7399967865708277
39.300000585,980.591796875,981.3487803609789,981.7290273715547,980.2689355224543,-0.7569834859789353,-1.1372304965547073,0.3228613525457149
39.400000587,980.3736572265625,981.161540624974,981.5216694314162,980.3639090627988,-0.787883398411509,-1.1480122048536714,0.009748163763674711
39.500000588,980.149169921875,980.9133109657395,981.1419949407971,978.8774571756713,-0.7641410438644698,-0.9928250189220762,1.2717127462036615
39.500000588,979.88671875,980.739955157419,980.9937950484425,980.3413131509504,-0.85323640741899,-1.1070762984425073,-0.454594400950441
39.700000591,979.5703735351562,980.5055084482775,980.7245882255147,979.2871486165824,-0.9351349131212601,-1.154214690358458,0.28322491857386467
39.800000593,979.2337036132812,980.2500275134316,980.3168251150662,978.6157908396424,-1.0163239001503825,-1.0831215017849445,0.6179127736388637
39.800000593,978.9085693359375,980.0324907405445,980.0798094589361,979.1645604413931,-1.1239214046070174,-1.1712401229985971,-0.25599110545556414
40.000000596,978.6165161132812,979.7890939166878,979.7225008658713,978.0390744559394,-1.1725778034065115,-1.105984752590075,0.5774416573418648
40.100000597,978.3602294921875,979.5916523513555,979.5095364494267,978.5834577391399,-1.231422859167992,-1.1493069572392187,-0.2232282469524307
40.200000599,978.11865234375,979.3592612036597,979.0728119311458,977.1864723068851,-1.2406088599096847,-0.9541595873957931,0.9321800368649065
40.3000006,977.8727416992188,979.1339981957932,978.7104273342832,976.6450895538284,-1.2612564965744468,-0.8376856350644175,1.2276521453903797
40.400000602,977.5965576171875,978.9787301771831,978.4097820686371,977.3574564063389,-1.382172559995638,-0.8132244514496278,0.23910121084861657
40.400000602,977.3024291992188,978.887403915148,978.2277365742284,977.0570022315834,-1.5849747159292065,-0.9253073750096519,0.24542696763535332
40.600000604,976.991455078125,978.8038762910302,977.9080054315252,977.1440017239199,-1.8124212129051784,-0.9165503534002255,-0.15254664579492783
40.700000606,976.64599609375,978.7942431712779,977.4909043621598,975.1161379229271,-2.1482470775279126,-0.8449082684097675,1.5298581708228767
40.800000607,976.2977294921875,978.4978310017403,977.2093322692463,975.8000699105075,-2.2001015095528373,-0.9116027770587607,0.4976595816799545
40.800000607,975.9583129882812,978.220326188281,976.8431591520581,975.5028292695115,-2.2620131999997284,-0.8848461637768423,0.4554837187697558
41.00000061,975.654296875,977.9355755890648,976.5452157432676,975.0596403680338,-2.281278714064797,-0.8909188682675904,0.5946565069662029
41.00000061,975.3931274414062,977.6954408102836,976.2001053205443,975.1323535119064,-2.3023133688773214,-0.8069778791380031,0.2607739294998055
41.200000613,975.1455078125,977.4795992124566,976.0262294048234,975.4477131496761,-2.3340913999566055,-0.8807215923234253,-0.30220533717613307
41.300000615,974.880615234375,977.223290446805,975.7331232298095,973.7140278036899,-2.342675212429981,-0.8525079954345074,1.1665874306851265
41.400000616,974.5669555664062,976.9856996490378,975.3023361834282,973.049585942527,-2.4187440826315196,-0.7353806170219741,1.51736962387929
41.500000618,974.1964111328125,976.7336278373095,974.8447227983266,972.4808683805668,-2.537216704497041,-0.648311665514143,1.7155427522457103
41.500000618,973.825927734375,976.6357131196968,974.4190765481966,972.8875392226208,-2.8097853853217885,-0.5931488138215855,0.9383885117541695
41.700000621,973.4884033203125,976.5601980604911,974.2376448684208,973.3018211251691,-3.071794740178575,-0.7492415481083299,0.18658219514338725
41.800000622,973.1618041992188,976.38300820835,973.8715734345254,972.1393555715539,-3.22120400913127,-0.7097692353066805,1.0224486276648577
41.900000624,972.83935546875,976.2084188479067,973.5239813811768,972.0269087360247,-3.369063379156728,-0.6846259124267817,0.8124467327253342
41.900000624,972.5173950195312,976.1549907804115,973.1720024510812,971.539851067078,-3.637595760880231,-0.6546074315499482,0.9775439524532885
42.100000627,972.1699829101562,976.1108675273404,972.8286860390397,971.6991893914916,-3.9408846171841105,-0.6587031288834169,0.4707935186646637
42.100000627,971.7783203125,975.6894469208104,972.3772611493263,970.9334642525401,-3.911126608310383,-0.598940836826273,0.8448560599598522
42.30000063,971.3832397460938,975.3314647880759,972.2021228557966,971.962644868394,-3.948225041982141,-0.8188831097028242,-0.5794051223002725
42.30000063,971.0271606445312,975.0515295962856,972.0081091585241,971.1094489698025,-4.024368951754354,-0.9809485139928711,-0.0822883252712927
42.500000633,970.7168579101562,974.7330766832099,971.7548980397017,969.9487571923437,-4.016218773053652,-1.038040129545493,0.7681007178125583
42.500000633,970.4178466796875,974.47038450558,971.4735660238588,970.074219064191,-4.0525378258925,-1.0557193441712798,0.34362761549652987
42.700000636,970.0906982421875,974.3007233084793,971.0922669644197,969.4888305307782,-4.2100250662917915,-1.0015687222321503,0.6018677114093407
42.800000637,969.7083129882812,974.1850190010125,970.8407146156135,969.6238320834906,-4.476706012731256,-1.1324016273322286,0.0844809047906665
42.900000639,969.2841796875,973.9010476650509,970.5415508672382,969.0352712522721,-4.616867977550896,-1.257371179738243,0.24890843522791783
42.900000639,968.848876953125,973.5856896092464,970.1909260334929,968.0336027296236,-4.736812656121401,-1.3420490803679286,0.815274223501433
43.00000064,968.4484252929688,973.3862965420419,969.7673963902104,967.4638929586666,-4.937871249073169,-1.318971097241615,0.9845323343021164
43.200000643,968.0948486328125,973.171944865209,969.4641398762736,967.9008991131741,-5.077096232396457,-1.3692912434611344,0.19394951963840867
43.200000643,967.7500610351562,973.0237252149597,968.9228204423504,966.5494505291614,-5.273664179803404,-1.1727594071941212,1.2006105059948595
43.400000646,967.3773803710938,972.8572579866754,968.4013858400931,965.8951029472292,-5.4798776155816995,-1.0240054689993485,1.4822774238645025
43.500000648,966.9877319335938,972.3384384064408,967.9235399394195,965.1702981856065,-5.350706472847037,-0.9358080058257201,1.817433747987252
43.600000649,966.5807495117188,971.8807335554594,967.4531761329748,965.3705809997457,-5.299984043740665,-0.8724266212560678,1.2101685119730519
43.700000651,966.1754760742188,971.4538319042962,967.156565275304,966.522721954071,-5.27835583007743,-0.9810892010852967,-0.3472458798522666
43.800000652,965.7658081054688,970.983038971135,966.7034011100726,965.0921904311766,-5.217230865666238,-0.9375930046038548,0.6736176742921316
43.900000654,965.3158569335938,970.5969249908208,966.3072907327842,965.074167479389,-5.281068057227003,-0.9914337991904176,0.2416894542047885
44.000000655,964.805908203125,970.1159190554796,965.9258744871628,964.2194402734075,-5.310010852354594,-1.1199662840377869,0.5864679297175144
44.100000657,964.25341796875,969.7302971189112,965.5837099620452,964.0422477074924,-5.476879150161153,-1.3302919932951909,0.21117026125762095
44.200000658,963.7009887695312,969.2596781404682,965.1789469667112,963.8532691598336,-5.558689370936918,-1.477958197179987,-0.15228039030239415
44.30000066,963.0844116210938,968.7592901082144,964.7958165575567,962.7181464376147,-5.674878487120623,-1.711404936462941,0.3662651834790722
44.400000661,962.4122314453125,968.335513179587,964.2854880693037,960.7918180647002,-5.923281734274497,-1.8732566239912103,1.6204133806122627
44.500000663,961.6825561523438,968.0237804257572,963.8929046469779,961.2444639623478,-6.341224273413445,-2.210348494634104,0.4380921899959276
44.500000663,960.8926391601562,968.0993720916375,963.4532040499805,960.9735750297727,-7.20673293148127,-2.5605648898242634,-0.08093586961649635
44.700000666,960.0870361328125,968.084391848865,962.6987443591977,958.9781250462418,-7.997355716052539,-2.61170822638519,1.1089110865707426
44.800000667,959.2787475585938,967.5864731300808,962.0140088776482,958.2448356156797,-8.307725571487026,-2.735261319054416,1.0339119429140737
44.900000669,958.4888305664062,967.227856959627,961.3115209696532,958.0492883994413,-8.739026393220797,-2.822690403246952,0.4395421669649977
