5.300000078,90.1022720336914,-1.5725904703140259,-1.5725904703140259,91.67486250400543,0.0
5.40000008,90.1022720336914,-1.5725849866867065,-1.5725849866867065,91.67485702037811,91.67486250400543
5.500000081,90.1022720336914,-1.572596549987793,-1.572596549987793,91.6748685836792,91.67485702037811
5.500000081,90.1022720336914,-1.572599172592163,-1.572599172592163,91.67487120628357,91.6748685836792
5.600000083,90.1022720336914,-1.5725913047790527,-1.5725913047790527,91.67486333847046,91.67487120628357
5.800000086,90.1022720336914,-1.572594165802002,-1.572594165802002,91.67486619949341,91.67486333847046
5.9000000870000004,90.1022720336914,-1.572586178779602,-1.572586178779602,91.67485821247101,91.67486619949341
6.000000089,90.1022720336914,-1.572571039199829,-1.572571039199829,91.67484307289124,91.67485821247101
6.10000009,90.1022720336914,-1.5725762844085693,-1.5725762844085693,91.67484831809998,91.67484307289124
6.200000092,90.1022720336914,-1.572585105895996,-1.572585105895996,91.6748571395874,91.67484831809998
6.300000093,90.1022720336914,-1.5725821256637573,-1.5725821256637573,91.67485415935516,91.67485415935516
6.400000095,90.1022720336914,-1.5725781917572021,-1.5725781917572021,91.67485022544861,91.67485415935516
6.500000096,90.1022720336914,-1.5725892782211304,-1.5725892782211304,91.67486131191254,91.67486131191254
6.600000098,90.1022720336914,-1.572593092918396,-1.572593092918396,91.6748651266098,91.67486131191254
6.700000099,90.1022720336914,-1.5725735425949097,-1.572593092918396,91.67484557628632,91.6748651266098
6.800000101,90.1022720336914,-1.5725678205490112,-1.5725678205490112,91.67483985424042,91.67484557628632
6.900000102,90.1022720336914,-1.5725781917572021,-1.5725678205490112,91.67485022544861,91.67483985424042
7.000000104,90.1022720336914,-1.5725854635238647,-1.5725854635238647,91.67485749721527,91.67485022544861
7.000000104,90.1022720336914,-1.5725886821746826,-1.5725886821746826,91.67486071586609,91.67486071586609
7.200000107,90.1022720336914,-1.5725924968719482,-1.5725924968719482,91.67486453056335,91.67486453056335
7.200000107,90.1022720336914,-1.5725945234298706,-1.5725945234298706,91.67486655712128,91.67486453056335
7.40000011,90.10198974609375,-1.572561502456665,-1.572561502456665,91.67455124855042,91.67458426952362
7.500000111,89.46770477294922,-1.5647200345993042,-1.5647200345993042,91.03242480754852,91.04026627540588
7.500000111,88.00362396240234,-1.5438423156738281,-1.5438423156738281,89.54746627807617,89.56834399700165
7.700000114,85.92237854003906,-1.5113896131515503,-1.5113896131515503,87.43376815319061,87.46622085571289
7.800000116,80.33960723876953,-1.4683623313903809,-1.4683623313903809,81.80796957015991,81.80796957015991
7.800000116,80.33960723876953,-1.4186832904815674,-1.4186832904815674,81.7582905292511,81.80796957015991
8.000000119,74.06254577636719,-1.366266131401062,-1.366266131401062,78.68293178081512,75.42881190776825
8.10000012,74.06254577636719,-1.3103619813919067,-1.3103619813919067,75.3729077577591,75.42881190776825
8.200000122,70.23863220214844,-1.2463527917861938,-1.2463527917861938,71.48498499393463,71.54899418354034
8.300000123,66.60249328613281,-1.1831979751586914,-1.2463527917861938,67.7856912612915,67.848846077919
8.400000125,60.45783996582031,-1.1245704889297485,-1.1245704889297485,61.58241045475006,61.58241045475006
8.500000126,60.45783996582031,-1.0714644193649292,-1.0714644193649292,61.52930438518524,61.58241045475006
8.600000128,59.59931182861328,-1.0453364849090576,-1.0453364849090576,60.64464831352234,60.67077624797821
8.700000129,59.59449005126953,-1.039534091949463,-1.039534091949463,60.634024143218994,60.63982653617859
8.800000131000001,59.31077194213867,-1.0354702472686768,-1.0354702472686768,60.34624218940735,60.350306034088135
8.900000132,58.995277404785156,-1.0305997133255005,-1.0305997133255005,60.02587711811066,60.03074765205383
9.000000134,58.0789794921875,-1.023796558380127,-1.023796558380127,59.10277605056763,59.10277605056763
9.100000135,58.0789794921875,-1.0160930156707764,-1.023796558380127,59.095072507858276,59.10277605056763
9.200000137,57.9364128112793,-1.0121071338653564,-1.0121071338653564,58.94851994514465,58.95250582695007
9.300000138,57.80089569091797,-1.0094801187515259,-1.0094801187515259,58.810375809669495,58.813002824783325
9.40000014,57.618011474609375,-1.0064408779144287,-1.0064408779144287,58.624452352523804,58.6274915933609
9.500000141,57.09378433227539,-1.0037013292312622,-1.0037013292312622,58.09748566150665,58.09748566150665
9.600000143,57.51544952392578,-0.998307466506958,-0.998307466506958,58.09209179878235,58.51375699043274
9.700000144,58.854888916015625,-1.00187087059021,-1.00187087059021,59.856759786605835,59.856759786605835
9.800000146,58.854888916015625,-1.0201878547668457,-1.0201878547668457,59.87507677078247,59.856759786605835
9.900000147,60.29351043701172,-1.043982744216919,-1.0201878547668457,61.33749318122864,61.313698291778564
9.900000147,61.26373291015625,-1.063430905342102,-1.063430905342102,62.32716381549835,62.30771565437317
10.10000015,62.227664947509766,-1.0806689262390137,-1.0806689262390137,63.30833387374878,63.29109585285187
10.200000151,63.08837890625,-1.0963630676269531,-1.0963630676269531,64.18474197387695,64.16904783248901
10.300000153,63.863494873046875,-1.1104401350021362,-1.1104401350021362,64.97393500804901,64.95985794067383
10.400000154,65.90274047851562,-1.1256471872329712,-1.1256471872329712,67.0283876657486,67.0283876657486
10.500000156,65.90274047851562,-1.1441869735717773,-1.1441869735717773,67.0469274520874,67.0283876657486
10.500000156,68.30213165283203,-1.1640359163284302,-1.1640359163284302,68.20935451984406,69.46616756916046
10.700000159,68.30213165283203,-1.1853891611099243,-1.1853891611099243,69.48752081394196,69.46616756916046
10.80000016,70.16004180908203,-1.2145334482192993,-1.2145334482192993,71.37457525730133,71.34543097019196
10.900000162,72.3605728149414,-1.2507981061935425,-1.2507981061935425,73.61137092113495,73.5751062631607
11.000000163,74.48358917236328,-1.2881430387496948,-1.2881430387496948,75.77173221111298,75.73438727855682
11.100000165,76.70555114746094,-1.3266206979751587,-1.3266206979751587,78.0321718454361,77.99369418621063
11.200000166,78.88370513916016,-1.3649669885635376,-1.3649669885635376,80.2486721277237,80.21032583713531
11.300000168,80.99864959716797,-1.4023091793060303,-1.4023091793060303,82.400958776474,82.3636165857315
11.400000169,82.91112518310547,-1.4369122982025146,-1.4369122982025146,84.34803748130798,84.3134343624115
11.500000171,84.62483215332031,-1.4681447744369507,-1.4681447744369507,86.09297692775726,86.06174445152283
11.600000172,86.24153137207031,-1.496943712234497,-1.496943712234497,87.73847508430481,87.70967614650726
11.700000174,88.9488296508789,-1.5222253799438477,-1.5222253799438477,90.47105503082275,90.47105503082275
11.800000175,90.13231658935547,-1.5456390380859375,-1.5456390380859375,91.6779556274414,91.6779556274414
11.900000177,90.13231658935547,-1.5670195817947388,-1.5670195817947388,91.69933617115021,91.6779556274414
12.000000178,91.23404693603516,-1.5866206884384155,-1.5866206884384155,92.82066762447357,92.8010665178299
12.10000018,91.94303894042969,-1.6009280681610107,-1.6009280681610107,93.5439670085907,93.5296596288681
12.200000181,92.32762908935547,-1.6094975471496582,-1.6094975471496582,93.93712663650513,93.92855715751648
12.300000183,92.81538391113281,-1.6177096366882324,-1.6177096366882324,94.43309354782104,94.42488145828247
12.400000184,93.82054138183594,-1.6323766708374023,-1.6323766708374023,95.45291805267334,95.43825101852417
12.500000186,95.15724182128906,-1.653595209121704,-1.653595209121704,96.81083703041077,96.78961849212646
12.600000187,97.69261932373047,-1.6767069101333618,-1.6767069101333618,99.36932623386383,99.36932623386383
12.700000189,98.61842346191406,-1.707942008972168,-1.707942008972168,100.32636547088623,99.36932623386383
12.80000019,98.61842346191406,-1.7189230918884277,-1.7189230918884277,100.33734655380249,100.32636547088623
12.900000192,98.98250579833984,-1.7261048555374146,-1.7261048555374146,100.70861065387726,100.70142889022827
13.000000193,98.86388397216797,-1.726315975189209,-1.726315975189209,100.59019994735718,100.58998882770538
13.100000195,98.46727752685547,-1.7211227416992188,-1.7211227416992188,100.18840026855469,100.19359350204468
13.100000195,97.75545501708984,-1.7104194164276123,-1.7104194164276123,99.46587443351746,99.47657775878906
13.200000196,96.53443145751953,-1.691815972328186,-1.691815972328186,98.22624742984772,98.24485087394714
13.400000199,95.14989471435547,-1.668175220489502,-1.668175220489502,96.81806993484497,96.84171068668365
13.500000201,92.7475814819336,-1.6313859224319458,-1.6313859224319458,94.37896740436554,94.4157567024231
13.600000202,90.2569580078125,-1.5896680355072021,-1.5896680355072021,91.8466260433197,91.88834393024445
13.600000202,89.22196197509766,-1.5641224384307861,-1.5641224384307861,90.78608441352844,90.81163001060486
13.800000205,88.6399154663086,-1.5499908924102783,-1.5499908924102783,90.18990635871887,90.20403790473938
13.900000207,88.0709457397461,-1.5395289659500122,-1.5395289659500122,89.6104747056961,89.62093663215637
14.000000208,88.6915283203125,-1.5368521213531494,-1.5368521213531494,89.63379883766174,90.22838044166565
14.10000021,88.6915283203125,-1.5440561771392822,-1.5440561771392822,90.23558449745178,90.22838044166565
14.200000211,89.57801818847656,-1.5576128959655762,-1.5576128959655762,91.13563108444214,91.12207436561584
14.300000213,89.99091339111328,-1.563152551651001,-1.563152551651001,91.55406594276428,91.54852628707886
14.400000214,90.01084899902344,-1.5695167779922485,-1.5695167779922485,91.58036577701569,91.57400155067444
14.500000216,90.13876342773438,-1.5724151134490967,-1.5724151134490967,91.71117854118347,91.70828020572662
14.600000217,90.3824234008789,-1.576212763786316,-1.576212763786316,91.95863616466522,91.954838514328
14.700000219,90.89478302001953,-1.580478310585022,-1.580478310585022,92.21389353275299,92.47526133060455
14.80000022,90.89478302001953,-1.5850344896316528,-1.5850344896316528,92.47981750965118,92.47526133060455
14.80000022,91.17462921142578,-1.5899156332015991,-1.5899156332015991,92.76454484462738,92.75966370105743
15.000000223,91.32194519042969,-1.5932587385177612,-1.5932587385177612,92.91520392894745,92.91186082363129
15.100000225,91.45508575439453,-1.5957108736038208,-1.5957108736038208,93.05079662799835,93.04834449291229
15.100000225,91.48423767089844,-1.5967445373535156,-1.5967445373535156,93.08098220825195,93.07994854450226
15.300000227,91.48838806152344,-1.5969305038452148,-1.5969305038452148,93.08531856536865,93.08513259887695
15.400000229,91.4882583618164,-1.5969139337539673,-1.5969305038452148,93.08517229557037,93.08518886566162
15.50000023,91.48579406738281,-1.5969144105911255,-1.5969144105911255,93.08270847797394,93.08270847797394
15.600000232,91.48490142822266,-1.5968068838119507,-1.5968068838119507,93.0817083120346,93.0817083120346
15.700000233,91.48490142822266,-1.596739411354065,-1.5968068838119507,93.08164083957672,93.0817083120346
15.800000235,91.48482513427734,-1.5967174768447876,-1.5967174768447876,93.08154261112213,93.08156454563141
15.900000236,91.4922866821289,-1.596816897392273,-1.596816897392273,93.08910357952118,93.0890041589737
16.000000238,91.51773071289062,-1.597069263458252,-1.597069263458252,93.11479997634888,93.1145476102829
16.100000239,91.57747650146484,-1.5978788137435913,-1.597069263458252,93.17535531520844,93.1745457649231
16.200000241,91.63124084472656,-1.598961353302002,-1.598961353302002,93.23020219802856,93.22911965847015
16.300000242,91.60111999511719,-1.5989121198654175,-1.5989121198654175,93.2000321149826,93.20008134841919
16.400000244,91.5454330444336,-1.5981335639953613,-1.5981335639953613,93.14356660842896,93.14434516429901
16.500000245,91.37831115722656,-1.5958176851272583,-1.5981335639953613,92.97412884235382,92.97644472122192
16.600000247,90.93142700195312,-1.5895578861236572,-1.5895578861236572,92.52098488807678,92.52724468708038
16.700000248,90.14423370361328,-1.5777595043182373,-1.5777595043182373,91.72199320793152,91.73379158973694
16.80000025,89.57257843017578,-1.5667383670806885,-1.5667383670806885,91.13931679725647,91.15033793449402
16.900000251,89.37491607666016,-1.5609872341156006,-1.5667383670806885,90.93590331077576,90.94165444374084
17.000000253,89.36787414550781,-1.5594245195388794,-1.5594245195388794,90.92729866504669,90.92886137962341
17.100000254,89.43603515625,-1.5600398778915405,-1.5600398778915405,90.99607503414154,90.99545967578888
17.200000256,89.71932220458984,-1.5638912916183472,-1.5600398778915405,91.28321349620819,91.27936208248138
17.300000257,90.30229187011719,-1.5725282430648804,-1.5638912916183472,91.87482011318207,91.86618316173553
17.400000259,91.02863311767578,-1.5844451189041138,-1.5844451189041138,92.6130782365799,92.60116136074066
17.400000259,91.45500183105469,-1.5939141511917114,-1.5939141511917114,93.0489159822464,93.0394469499588
17.600000262000002,91.63239288330078,-1.5992342233657837,-1.5992342233657837,93.23162710666656,93.22630703449249
17.700000263,91.9568099975586,-1.6062966585159302,-1.6062966585159302,93.56310665607452,93.56310665607452
17.800000265,91.9568099975586,-1.6058850288391113,-1.6058850288391113,93.5626950263977,93.56310665607452
17.900000266,91.14093017578125,-1.60075044631958,-1.60075044631958,92.74168062210083,92.74168062210083
18.000000268,91.14093017578125,-1.5934343338012695,-1.5934343338012695,92.73436450958252,92.74168062210083
18.100000269,90.63916015625,-1.5848360061645508,-1.5848360061645508,92.22399616241455,92.23259449005127
18.200000271,90.01200866699219,-1.5745654106140137,-1.5745654106140137,91.5865740776062,91.59684467315674
18.300000272,89.46693420410156,-1.5645804405212402,-1.5645804405212402,91.0315146446228,91.04149961471558
18.400000274,88.64800262451172,-1.5559476613998413,-1.5559476613998413,90.20395028591156,90.20395028591156
18.500000275,88.64800262451172,-1.5490525960922241,-1.5490525960922241,90.19705522060394,90.20395028591156
18.600000277,88.43009185791016,-1.5444607734680176,-1.5444607734680176,89.97455263137817,89.97914445400238
18.600000277,88.30168151855469,-1.541696310043335,-1.541696310043335,89.84337782859802,89.8461422920227
18.80000028,88.25262451171875,-1.5404186248779297,-1.5404186248779297,89.79304313659668,89.79432082176208
18.900000281,88.25820922851562,-1.540243148803711,-1.540243148803711,89.79845237731934,89.79862785339355
19.000000283,88.28250885009766,-1.5405927896499634,-1.5405927896499634,89.82310163974762,89.82275199890137
19.100000284,88.46016693115234,-1.5429047346115112,-1.5429047346115112,90.00307166576385,90.00075972080231
19.200000286,88.644775390625,-1.546028971672058,-1.546028971672058,90.19080436229706,90.18768012523651
19.300000287,88.81989288330078,-1.5491456985473633,-1.5491456985473633,90.36903858184814,90.36592185497284
19.400000289,89.06148529052734,-1.5530717372894287,-1.5530717372894287,90.61455702781677,90.6106309890747
19.50000029,89.43880462646484,-1.5589405298233032,-1.5589405298233032,90.99774515628815,90.99187636375427
19.600000292,89.8615493774414,-1.5660361051559448,-1.5660361051559448,91.42758548259735,91.42048990726471
19.700000293,90.25067901611328,-1.5730091333389282,-1.5660361051559448,91.82368814945221,91.81671512126923
19.800000295,90.61965942382812,-1.5796178579330444,-1.5796178579330444,92.19927728176117,92.19266855716705
19.900000296,91.00567626953125,-1.5863056182861328,-1.5863056182861328,92.59198188781738,92.5852941274643
19.900000296,91.42574310302734,-1.5934640169143677,-1.5934640169143677,93.01920711994171,93.01204872131348
20.100000299,91.8440933227539,-1.6007685661315918,-1.6007685661315918,93.4448618888855,93.43755733966827
20.200000301,92.12944030761719,-1.6065967082977295,-1.6065967082977295,93.73603701591492,93.73020887374878
20.300000302,92.32634735107422,-1.6108169555664062,-1.6108169555664062,93.93716430664062,93.93294405937195
20.400000303,92.48565673828125,-1.613483190536499,-1.613483190536499,94.09913992881775,94.09913992881775
20.500000305,92.47404479980469,-1.6147520542144775,-1.6147520542144775,94.08879685401917,94.08879685401917
20.600000306,92.31502532958984,-1.6149976253509521,-1.6149976253509521,94.08904242515564,93.9300229549408
20.600000306,92.31502532958984,-1.613221287727356,-1.613221287727356,93.9282466173172,93.9300229549408
20.800000309,92.0412368774414,-1.609197735786438,-1.609197735786438,93.65043461322784,93.65445816516876
20.900000311,91.73173522949219,-1.603995680809021,-1.603995680809021,93.33573091030121,93.34093296527863
21.000000312,91.43357849121094,-1.5986707210540771,-1.5986707210540771,93.03224921226501,93.03757417201996
21.100000314,91.07674407958984,-1.5925956964492798,-1.5925956964492798,92.66933977603912,92.67541480064392
21.200000315,90.36812591552734,-1.5863308906555176,-1.5863308906555176,91.95445680618286,91.95445680618286
21.300000317,90.36812591552734,-1.5802111625671387,-1.5863308906555176,91.94833707809448,91.95445680618286
21.400000318,89.93394470214844,-1.5731432437896729,-1.5802111625671387,91.50708794593811,91.51415586471558
21.50000032,89.44559478759766,-1.5649116039276123,-1.5649116039276123,91.01050639152527,91.01873803138733
21.600000321,88.97855377197266,-1.5565710067749023,-1.5565710067749023,90.53512477874756,90.54346537590027
21.700000323,88.36627197265625,-1.5464861392974854,-1.5464861392974854,89.91275811195374,89.92284297943115
21.700000323,87.94822692871094,-1.5381309986114502,-1.5381309986114502,89.48635792732239,89.49471306800842
21.900000326,87.75768280029297,-1.5340579748153687,-1.5340579748153687,89.29174077510834,89.29174077510834
22.000000327,87.75768280029297,-1.5325592756271362,-1.5340579748153687,89.2902420759201,89.29174077510834
22.100000329,87.8060073852539,-1.5329402685165405,-1.5329402685165405,89.33894765377045,89.33856666088104
22.20000033,87.97048950195312,-1.5352861881256104,-1.5352861881256104,89.50577569007874,89.50342977046967
22.300000332,88.51687622070312,-1.5392686128616333,-1.5392686128616333,90.05614483356476,90.05614483356476
22.400000333,88.51687622070312,-1.5439329147338867,-1.5439329147338867,90.06080913543701,90.05614483356476
22.500000335,88.80207061767578,-1.5487251281738281,-1.5487251281738281,90.35079574584961,90.34600353240967
22.500000335,89.27738952636719,-1.5558995008468628,-1.5558995008468628,90.83328902721405,90.82611465454102
22.700000338,89.8892822265625,-1.5656852722167969,-1.5656852722167969,91.4549674987793,91.44518172740936
22.800000339,90.52880096435547,-1.5766031742095947,-1.5766031742095947,92.10540413856506,92.09448623657227
22.900000341,91.1041488647461,-1.5870319604873657,-1.5870319604873657,92.69118082523346,92.68075203895569
23.000000342,91.62159729003906,-1.596572995185852,-1.596572995185852,93.21817028522491,93.20862925052643
23.000000342,92.4029769897461,-1.6051054000854492,-1.6051054000854492,94.00808238983154,94.00808238983154
23.200000345,92.4029769897461,-1.611729383468628,-1.611729383468628,94.01470637321472,94.00808238983154
23.300000347,92.5845718383789,-1.6158454418182373,-1.611729383468628,94.20041728019714,94.19630122184753
23.400000348,92.51099395751953,-1.6160646677017212,-1.6160646677017212,94.12705862522125,94.12683939933777
23.50000035,92.28438568115234,-1.6130945682525635,-1.6130945682525635,93.89748024940491,93.90045034885406
23.600000351,91.50984191894531,-1.6075100898742676,-1.6075100898742676,93.11735200881958,93.11735200881958
23.700000353,91.50984191894531,-1.6003031730651855,-1.6003031730651855,93.1101450920105,93.11735200881958
23.800000354,90.99260711669922,-1.5915355682373047,-1.5915355682373047,92.58414268493652,92.5929102897644
23.900000356,89.7557601928711,-1.581297755241394,-1.581297755241394,91.9732655286789,91.33705794811249
23.900000356,89.7557601928711,-1.5702728033065796,-1.581297755241394,91.32603299617767,91.33705794811249
24.100000359,89.0815200805664,-1.5586344003677368,-1.5586344003677368,90.64015448093414,90.65179288387299
24.100000359,87.72054290771484,-1.5475096702575684,-1.5475096702575684,89.26805257797241,89.26805257797241
24.300000362,87.72054290771484,-1.5355182886123657,-1.5475096702575684,89.25606119632721,89.26805257797241
24.400000363,87.10413360595703,-1.5244643688201904,-1.5244643688201904,88.62859797477722,88.6396518945694
24.400000363,86.83295440673828,-1.518088698387146,-1.518088698387146,88.35104310512543,88.35741877555847
24.600000366,86.65452575683594,-1.5142643451690674,-1.5142643451690674,88.168790102005,88.17261445522308
24.600000366,86.661376953125,-1.5132694244384766,-1.5132694244384766,88.17464637756348,88.17564129829407
24.800000369,86.73291778564453,-1.5142802000045776,-1.5142802000045776,88.24719798564911,88.24618721008301
24.900000371,87.05314636230469,-1.5186187028884888,-1.5186187028884888,88.57176506519318,88.56742656230927
25.000000372,87.66414642333984,-1.5276029109954834,-1.5276029109954834,89.19174933433533,89.18276512622833
25.100000374,89.34989166259766,-1.5400445461273193,-1.5400445461273193,90.88993620872498,90.88993620872498
25.200000375,89.34989166259766,-1.5549768209457397,-1.5549768209457397,90.9048684835434,90.88993620872498
25.300000376,90.30298614501953,-1.5712543725967407,-1.5712543725967407,91.87424051761627,91.85796296596527
25.400000378,91.84432983398438,-1.5863525867462158,-1.5863525867462158,93.43068242073059,93.43068242073059
25.500000379,92.46095275878906,-1.5997363328933716,-1.5997363328933716,94.06068909168243,94.06068909168243
25.600000381,92.46095275878906,-1.6112693548202515,-1.6112693548202515,94.07222211360931,94.06068909168243
25.700000382,93.10723876953125,-1.6202596426010132,-1.6202596426010132,94.72749841213226,94.72749841213226
25.800000384,93.1104736328125,-1.6250983476638794,-1.6250983476638794,94.73557198047638,94.73557198047638
25.900000385,93.1104736328125,-1.6261605024337769,-1.6261605024337769,94.73663413524628,94.73557198047638
26.000000387,92.98471069335938,-1.6244542598724365,-1.6244542598724365,94.60916495323181,94.61087119579315
26.100000388,92.35443878173828,-1.6202120780944824,-1.6202120780944824,93.97465085983276,93.97465085983276
26.20000039,92.35443878173828,-1.614279866218567,-1.614279866218567,93.96871864795685,93.97465085983276
26.300000391,91.36750793457031,-1.5997960567474365,-1.614279866218567,92.96730399131775,92.98178780078888
26.400000393,89.98990631103516,-1.5777244567871094,-1.5777244567871094,91.56763076782227,91.58970236778259
26.500000394,89.68397521972656,-1.5681126117706299,-1.5681126117706299,91.25208783149719,91.26169967651367
26.600000396,94.97068786621094,-1.598006010055542,-1.598006010055542,96.56869387626648,96.56869387626648
26.700000397,94.97068786621094,-1.640890121459961,-1.640890121459961,96.6115779876709,96.56869387626648
26.800000398999998,95.56639099121094,-1.6618884801864624,-1.6618884801864624,97.2282794713974,97.2072811126709
26.9000004,96.98822021484375,-1.668737769126892,-1.668737769126892,98.65695798397064,97.29365575313568
27.000000402,96.98822021484375,-1.686657428741455,-1.686657428741455,98.6748776435852,98.65695798397064
27.100000403,104.6449966430664,-1.7083823680877686,-1.7083823680877686,106.35337901115417,106.35337901115417
27.100000403,104.6449966430664,-1.7891335487365723,-1.7083823680877686,106.43413019180298,106.35337901115417
27.300000406,111.77880096435547,-1.8715722560882568,-1.8715722560882568,113.65037322044373,113.65037322044373
27.400000408,111.77880096435547,-1.9310624599456787,-1.9310624599456787,113.70986342430115,113.65037322044373
27.500000409,112.62472534179688,-1.9588919878005981,-1.9588919878005981,114.58361732959747,114.55578780174255
27.600000411,110.86578369140625,-1.958818793296814,-1.958818793296814,112.82460248470306,112.82460248470306
27.700000412,110.86578369140625,-1.9417442083358765,-1.9417442083358765,112.80752789974213,112.82460248470306
27.800000414,109.32628631591797,-1.9168579578399658,-1.9168579578399658,111.24314427375793,111.26803052425385
27.800000414,106.65130615234375,-1.8758487701416016,-1.8758487701416016,108.52715492248535,108.56816411018372
28.000000417,103.2341079711914,-1.820628046989441,-1.820628046989441,105.05473601818085,105.10995674133301
28.100000418,99.2639389038086,-1.7544747591018677,-1.7544747591018677,101.01841366291046,101.08456695079803
28.20000042,95.3736801147461,-1.6862543821334839,-1.6862543821334839,97.05993449687958,97.12815487384796
28.300000421,89.69376373291016,-1.625577449798584,-1.625577449798584,93.72615575790405,91.31934118270874
28.400000423,89.69376373291016,-1.5782936811447144,-1.5782936811447144,91.27205741405487,91.31934118270874
28.500000424,88.73137664794922,-1.5534069538116455,-1.5534069538116455,90.28478360176086,90.30967032909393
28.600000426,88.38912963867188,-1.5434222221374512,-1.5434222221374512,89.93255186080933,89.94253659248352
28.700000427,87.48678588867188,-1.536293625831604,-1.536293625831604,89.51143705844879,89.02307951450348
28.800000429,87.18321990966797,-1.5287402868270874,-1.5287402868270874,88.71196019649506,88.71196019649506
28.90000043,87.18321990966797,-1.5228499174118042,-1.5287402868270874,88.70606982707977,88.71196019649506
29.000000432,88.08829498291016,-1.5242663621902466,-1.5242663621902466,89.6125613451004,89.6125613451004
29.100000433,88.08829498291016,-1.5333964824676514,-1.5333964824676514,89.62169146537781,89.6125613451004
29.200000435,88.77288818359375,-1.5450711250305176,-1.5450711250305176,90.31795930862427,90.3062846660614
29.300000436,90.04468536376953,-1.5561834573745728,-1.5561834573745728,90.94745695590973,91.6008688211441
29.400000438,90.04468536376953,-1.5671193599700928,-1.5671193599700928,91.61180472373962,91.6008688211441
29.400000438,91.05133056640625,-1.5768699645996094,-1.5768699645996094,92.62820053100586,92.1459310054779
29.600000441,91.05133056640625,-1.5853806734085083,-1.5853806734085083,92.63671123981476,92.62820053100586
29.700000442,91.42618560791016,-1.5923242568969727,-1.5923242568969727,93.01850986480713,93.01156628131866
29.800000444,91.72460174560547,-1.5978513956069946,-1.5978513956069946,93.32245314121246,93.31692600250244
29.900000445,92.24246978759766,-1.6030148267745972,-1.6030148267745972,93.84548461437225,93.84548461437225
30.000000447,92.4019546508789,-1.6072168350219727,-1.6072168350219727,94.00917148590088,94.00917148590088
30.100000448,92.56880950927734,-1.6103746891021729,-1.6103746891021729,94.17918419837952,94.17918419837952
30.20000045,92.56880950927734,-1.6133227348327637,-1.6133227348327637,94.18213224411011,94.17918419837952
30.300000451,92.75675201416016,-1.6167106628417969,-1.6167106628417969,94.37346267700195,94.37007474899292
30.400000452,93.05632019042969,-1.6201527118682861,-1.6201527118682861,94.54949688911438,94.67647290229797
30.500000454,93.05632019042969,-1.6226364374160767,-1.6226364374160767,94.67895662784576,94.67647290229797
30.600000455,93.13318634033203,-1.6240630149841309,-1.6226364374160767,94.75724935531616,94.75582277774811
30.700000457,93.18457794189453,-1.6248704195022583,-1.6248704195022583,94.80944836139679,94.80944836139679
30.800000458,93.18457794189453,-1.625176191329956,-1.625176191329956,94.80975413322449,94.80944836139679
30.800000458,93.1642074584961,-1.6250320672988892,-1.6250320672988892,94.78923952579498,94.78938364982605
31.000000461,93.13334655761719,-1.6246751546859741,-1.6246751546859741,94.75802171230316,94.75837862491608
31.100000463,92.99190521240234,-1.6229724884033203,-1.6229724884033203,94.61487770080566,94.61658036708832
31.200000464,92.4842758178711,-1.6196954250335693,-1.6196954250335693,94.10397124290466,94.10397124290466
31.300000466,92.4842758178711,-1.615290641784668,-1.615290641784668,94.09956645965576,94.10397124290466
31.400000467,92.18184661865234,-1.6100763082504272,-1.6100763082504272,93.79192292690277,93.79713726043701
31.500000469,91.82764434814453,-1.6039535999298096,-1.6039535999298096,93.43159794807434,93.43772065639496
31.60000047,91.45376586914062,-1.5974817276000977,-1.5974817276000977,93.05124759674072,93.05771946907043
31.60000047,91.04454803466797,-1.5906457901000977,-1.5906457901000977,92.63519382476807,92.64202976226807
31.800000473,90.69157409667969,-1.5843043327331543,-1.5843043327331543,92.27587842941284,92.28221988677979
31.900000475,89.99329376220703,-1.5784940719604492,-1.5784940719604492,91.57178783416748,91.57178783416748
32.000000476,89.99329376220703,-1.572448968887329,-1.572448968887329,91.56574273109436,91.57178783416748
32.000000476,89.45899200439453,-1.5640472173690796,-1.5640472173690796,91.02303922176361,91.03144097328186
32.200000479,88.52206420898438,-1.5549274682998657,-1.5549274682998657,90.07699167728424,90.07699167728424
32.300000481,88.1382827758789,-1.5470184087753296,-1.5470184087753296,89.68530118465424,89.68530118465424
32.400000482,88.1382827758789,-1.5397608280181885,-1.5397608280181885,89.6780436038971,89.68530118465424
32.500000484,87.78790283203125,-1.5331813097000122,-1.5331813097000122,89.32108414173126,89.32766366004944
32.500000484,87.45228576660156,-1.5282189846038818,-1.5282189846038818,88.98050475120544,88.98050475120544
32.700000487,87.45228576660156,-1.525754451751709,-1.525754451751709,88.97804021835327,88.98050475120544
32.800000488,87.66106414794922,-1.525589942932129,-1.525589942932129,89.18665409088135,89.18665409088135
32.90000049,87.66106414794922,-1.5278137922286987,-1.5278137922286987,89.18887794017792,89.18665409088135
33.000000491,88.15669250488281,-1.531894326210022,-1.531894326210022,89.68858683109283,89.68858683109283
33.100000493,88.44857788085938,-1.5363389253616333,-1.5363389253616333,89.98491680622101,89.98491680622101
33.200000494,88.76673889160156,-1.5414730310440063,-1.5414730310440063,90.30821192264557,90.30821192264557
33.300000496,88.76673889160156,-1.5470753908157349,-1.5414730310440063,90.3138142824173,90.30821192264557
33.400000497,89.0550308227539,-1.5521700382232666,-1.5521700382232666,90.60720086097717,90.60210621356964
33.500000499,89.30547332763672,-1.5565491914749146,-1.5565491914749146,90.86202251911163,90.85764336585999
33.6000005,89.50862884521484,-1.560176968574524,-1.560176968574524,91.06880581378937,91.06517803668976
33.6000005,89.69017028808594,-1.5635087490081787,-1.5635087490081787,91.25367903709412,91.25034725666046
33.700000502,89.62222290039062,-1.5639324188232422,-1.5639324188232422,91.18615531921387,91.1857316493988
33.900000505,89.5279541015625,-1.562761664390564,-1.562761664390564,91.09071576595306,91.09188652038574
34.000000506,89.49671173095703,-1.5620516538619995,-1.5620516538619995,91.05876338481903,91.0594733953476
34.100000508,89.42002868652344,-1.5609321594238281,-1.5609321594238281,90.98096084594727,90.98208034038544
34.200000509,89.32006072998047,-1.5593160390853882,-1.5593160390853882,90.87937676906586,90.8809928894043
34.300000511,89.22030639648438,-1.5576059818267822,-1.5576059818267822,90.77791237831116,90.77962243556976
34.400000512,88.95169830322266,-1.553816318511963,-1.553816318511963,90.50551462173462,90.50930428504944
34.500000514,88.79301452636719,-1.5505425930023193,-1.5505425930023193,90.3435571193695,90.34683084487915
34.600000515,88.80228424072266,-1.549659252166748,-1.549659252166748,90.3519434928894,90.3519434928894
34.600000515,88.80228424072266,-1.5496412515640259,-1.549659252166748,90.35192549228668,90.3519434928894
34.700000517,88.80223846435547,-1.5495325326919556,-1.5495325326919556,90.35177099704742,90.35177099704742
34.90000052,88.80223846435547,-1.5496309995651245,-1.5496309995651245,90.3518694639206,90.35177099704742
34.90000052,88.65715789794922,-1.5479470491409302,-1.5479470491409302,90.20510494709015,90.20678889751434
35.100000523,88.2612533569336,-1.542728304862976,-1.542728304862976,89.80398166179657,89.80920040607452
35.200000524000004,88.23631286621094,-1.5406265258789062,-1.5406265258789062,89.77693939208984,89.77904117107391
35.300000526,88.36564636230469,-1.5416733026504517,-1.5416733026504517,89.90731966495514,89.9062728881836
35.400000527,88.92958068847656,-1.5450913906097412,-1.5450913906097412,90.4746720790863,90.4746720790863
35.500000528,89.60182189941406,-1.5502513647079468,-1.5502513647079468,91.15207326412201,91.15207326412201
35.60000053,89.60182189941406,-1.5601099729537964,-1.5601099729537964,91.16193187236786,91.15207326412201
35.700000531,90.66180419921875,-1.576345443725586,-1.576345443725586,92.23814964294434,92.22191417217255
35.800000533,94.44676971435547,-1.601883888244629,-1.601883888244629,96.0486536026001,96.0486536026001
35.900000534,94.44676971435547,-1.6364332437515259,-1.601883888244629,96.083202958107,96.0486536026001
36.000000536,96.71994018554688,-1.6752558946609497,-1.6364332437515259,98.39519608020782,98.3563734292984
36.100000537,99.16293334960938,-1.7078688144683838,-1.7078688144683838,100.87080216407776,100.87080216407776
36.200000539,99.16293334960938,-1.7266043424606323,-1.7266043424606323,100.88953769207001,100.87080216407776
36.30000054,99.24868774414062,-1.7323681116104126,-1.7323681116104126,100.98105585575104,100.97529208660126
36.400000542,99.12451171875,-1.7315254211425781,-1.7315254211425781,100.85603713989258,100.85687983036041
36.500000543,97.73188018798828,-1.7253235578536987,-1.7253235578536987,99.45720374584198,99.45720374584198
36.600000545,97.73188018798828,-1.7111402750015259,-1.7111402750015259,99.44302046298981,99.45720374584198
36.700000546,96.24260711669922,-1.6879371404647827,-1.7111402750015259,97.930544257164,97.95374739170074
36.800000548,94.18927001953125,-1.6552103757858276,-1.6552103757858276,95.84448039531708,95.87720715999603
36.900000549,91.66084289550781,-1.613793134689331,-1.613793134689331,93.27463603019714,93.31605327129364
37.000000551,87.77940368652344,-1.573302149772644,-1.573302149772644,89.35270583629608,89.35270583629608
37.100000552,87.77940368652344,-1.54114830493927,-1.573302149772644,89.32055199146271,89.35270583629608
37.200000554,86.03681182861328,-1.517428994178772,-1.517428994178772,87.55424082279205,87.55424082279205
37.300000555,86.03681182861328,-1.504080057144165,-1.504080057144165,87.54089188575745,87.55424082279205
37.400000557,85.67407989501953,-1.4965198040008545,-1.4965198040008545,87.17059969902039,87.1781599521637
37.400000557,85.49191284179688,-1.492434024810791,-1.4965198040008545,86.98434686660767,86.98843264579773
37.500000557999996,85.5857925415039,-1.4927042722702026,-1.4927042722702026,87.07849681377411,87.0782265663147
37.700000561,85.71163940429688,-1.4947991371154785,-1.4927042722702026,87.20643854141235,87.20434367656708
37.800000563,85.89384460449219,-1.4978398084640503,-1.4978398084640503,87.39168441295624,87.38864374160767
37.900000564,86.23081970214844,-1.5006071329116821,-1.5006071329116821,87.73142683506012,87.73142683506012
38.000000566,86.39248657226562,-1.5038498640060425,-1.5038498640060425,87.89633643627167,87.89633643627167
38.100000567,86.52787017822266,-1.5068849325180054,-1.5068849325180054,88.03475511074066,88.03475511074066
38.200000569,86.52787017822266,-1.5094294548034668,-1.5094294548034668,88.03729963302612,88.03475511074066
38.200000569,86.62805938720703,-1.51134192943573,-1.51134192943573,88.13940131664276,88.1374888420105
38.400000572,86.62753295898438,-1.5118757486343384,-1.5118757486343384,88.13940870761871,88.1388748884201
38.500000573,86.62754821777344,-1.5119879245758057,-1.5119879245758057,88.13953614234924,88.13942396640778
38.600000575,86.62760925292969,-1.511986494064331,-1.511986494064331,88.13959574699402,88.13959574699402
38.700000576,86.62760925292969,-1.5119589567184448,-1.511986494064331,88.13956820964813,88.13959574699402
38.800000578,86.63209533691406,-1.5120930671691895,-1.5120930671691895,88.14418840408325,88.14405429363251
38.900000579,86.82315826416016,-1.5128387212753296,-1.5128387212753296,88.33599698543549,88.33599698543549
39.000000581,86.82315826416016,-1.5147463083267212,-1.5147463083267212,88.33790457248688,88.33599698543549
39.000000581,87.03462982177734,-1.5179476737976074,-1.5179476737976074,88.55257749557495,88.54937613010406
39.200000584,87.32582092285156,-1.5225567817687988,-1.5225567817687988,88.84837770462036,88.84376859664917
39.300000585,87.73865509033203,-1.5290942192077637,-1.5290942192077637,89.2677493095398,89.26121187210083
39.400000587,88.53083038330078,-1.5408376455307007,-1.5290942192077637,90.07166802883148,90.05992460250854
39.500000588,89.62431335449219,-1.5581567287445068,-1.5581567287445068,91.1824700832367,91.16515100002289
39.60000059,91.78163146972656,-1.5775550603866577,-1.5775550603866577,93.35918653011322,93.35918653011322
39.700000591,91.78163146972656,-1.5956729650497437,-1.5956729650497437,93.3773044347763,93.35918653011322
39.800000593,91.85151672363281,-1.6020721197128296,-1.6020721197128296,93.45358884334564,93.44718968868256
39.900000594,91.98867797851562,-1.6051703691482544,-1.6051703691482544,93.59384834766388,93.59075009822845
40.000000596,92.25292205810547,-1.60919988155365,-1.60919988155365,93.86212193965912,93.85809242725372
40.100000597,92.35202026367188,-1.6115309000015259,-1.6115309000015259,93.9635511636734,93.9635511636734
40.200000599,92.35202026367188,-1.611995816230774,-1.611995816230774,93.96401607990265,93.9635511636734
40.3000006,92.35427856445312,-1.6120082139968872,-1.6120082139968872,93.96628677845001,93.96628677845001
40.400000602,92.35427856445312,-1.6120538711547852,-1.6120538711547852,93.96633243560791,93.96628677845001
40.500000603,92.36687469482422,-1.6123745441436768,-1.6123745441436768,93.9792492389679,93.978928565979
40.600000604,92.4070816040039,-1.6129649877548218,-1.6123745441436768,94.02004659175873,94.01945614814758
40.700000606,92.47727966308594,-1.6138291358947754,-1.6138291358947754,94.09110879898071,94.09024465084076
40.800000607,92.55796813964844,-1.6149570941925049,-1.6149570941925049,94.17292523384094,94.17179727554321
40.900000609,92.9233627319336,-1.6195571422576904,-1.6195571422576904,94.54291987419128,94.5383198261261
41.00000061,92.92386627197266,-1.6214519739151,-1.6214519739151,94.54531824588776,94.54342341423035
41.100000612,92.923828125,-1.621875524520874,-1.621875524520874,94.54570364952087,94.5452800989151
41.200000613,92.92733764648438,-1.6219937801361084,-1.6219937801361084,94.54933142662048,94.54921317100525
41.300000615,93.02916717529297,-1.6221741437911987,-1.6221741437911987,94.65134131908417,94.65134131908417
41.400000616,93.02916717529297,-1.6233824491500854,-1.6233824491500854,94.65254962444305,94.65134131908417
41.500000618,93.31940460205078,-1.6273229122161865,-1.6273229122161865,94.94672751426697,94.94278705120087
41.500000618,93.85453796386719,-1.6352524757385254,-1.6352524757385254,95.48979043960571,95.48186087608337
41.700000621,94.46055603027344,-1.6448642015457153,-1.6448642015457153,96.10542023181915,96.09580850601196
41.800000622,94.45978546142578,-1.6477192640304565,-1.6477192640304565,96.10750472545624,96.1046496629715
41.900000624,94.45944213867188,-1.6484757661819458,-1.6484757661819458,96.10791790485382,96.10791790485382
42.000000625,94.45944213867188,-1.648642897605896,-1.648642897605896,96.10808503627777,96.10791790485382
42.100000627,94.48933410644531,-1.6490598917007446,-1.6490598917007446,96.13839399814606,96.13797700405121
42.100000627,94.58574676513672,-1.6504287719726562,-1.6504287719726562,96.23617553710938,96.23480665683746
42.30000063,94.75846862792969,-1.653014063835144,-1.653014063835144,96.41148269176483,96.40889739990234
42.30000063,94.95826721191406,-1.6562952995300293,-1.6562952995300293,96.61456251144409,96.6112812757492
42.500000633,95.48863983154297,-1.6636892557144165,-1.6636892557144165,97.15232908725739,97.144935131073
42.600000634,95.80126953125,-1.6699637174606323,-1.6699637174606323,97.47123324871063,97.46495878696442
42.700000636,95.80105590820312,-1.6716792583465576,-1.6716792583465576,97.47273516654968,97.47101962566376
42.800000637,95.80060577392578,-1.672068476676941,-1.672068476676941,97.47267425060272,97.47228503227234
42.900000639,95.8786392211914,-1.6731077432632446,-1.6731077432632446,97.55174696445465,97.55070769786835
43.00000064,96.04400634765625,-1.6755809783935547,-1.6755809783935547,97.7195873260498,97.7171140909195
43.100000642,96.46836853027344,-1.6815005540847778,-1.6815005540847778,98.14986908435822,98.14394950866699
43.200000643,97.12742614746094,-1.6914774179458618,-1.6914774179458618,98.8189035654068,98.80892670154572
43.300000645,97.51283264160156,-1.6993170976638794,-1.6993170976638794,99.21214973926544,99.21214973926544
43.400000646,97.51283264160156,-1.7014527320861816,-1.7014527320861816,99.21428537368774,99.21214973926544
43.500000648,97.51287078857422,-1.7019563913345337,-1.7014527320861816,99.21482717990875,99.2143235206604
43.600000649,97.5217056274414,-1.7021150588989258,-1.7021150588989258,99.22382068634033,99.22366201877594
43.700000651,97.57942199707031,-1.7028220891952515,-1.7028220891952515,99.28224408626556,99.28153705596924
43.800000652,97.75247192382812,-1.705215573310852,-1.705215573310852,99.45768749713898,99.45529401302338
43.900000654,98.14322662353516,-1.7089502811431885,-1.7089502811431885,99.85217690467834,99.85217690467834
44.000000655,98.14322662353516,-1.7119935750961304,-1.7119935750961304,99.85522019863129,99.85217690467834
44.100000657,98.32872009277344,-1.7149051427841187,-1.7119935750961304,100.04362523555756,100.04071366786957
44.200000658,98.3282241821289,-1.715813398361206,-1.715813398361206,100.04403758049011,100.04403758049011
44.30000066,98.36353302001953,-1.7160613536834717,-1.7160613536834717,100.079594373703,100.079594373703
44.400000661,98.36353302001953,-1.7167363166809082,-1.7167363166809082,100.08026933670044,100.079594373703
44.500000663,98.64625549316406,-1.7204394340515137,-1.7204394340515137,100.36669492721558,100.36299180984497
44.600000664,99.15940856933594,-1.7279149293899536,-1.7279149293899536,100.88732349872589,100.87984800338745
44.600000664,100.35428619384766,-1.7406634092330933,-1.7406634092330933,102.09494960308075,102.09494960308075
44.800000667,100.35428619384766,-1.7492444515228271,-1.7492444515228271,102.10353064537048,102.09494960308075
44.900000669,100.39363861083984,-1.7519880533218384,-1.7519880533218384,102.14562666416168,102.14288306236267
